index,BankFullFlow,bankErosionCoeff,BankHeight_M,bankMgtFactor,eventMeanConcentration,HillSlopeFinePerc,HillslopeFineSDR,Load_Conversion_Factor,RiparianVegPercent,sedBulkDensity,SoilErodibility,SoilPercentFine,USLE_HSDR_Fine,A3,RainThreshold,Beta,LinkLength_M,Link_Slope,LongTermAvDailyFlow,Gully_Management_Practice_Factor,Gully_SDR_Fine,maxRiparianVegEffectiveness
0,1.0,1.0,1.0,1.0,1.0,1.0,1.0,0.95,1.0,1.0,0.9,1.0,1.0,1.0,1.0,1.0,1.0,1.0,1.0,1.0,0.95,1.0
1,1.15,0.75,0.925,0.95,1.1,1.025,0.75,0.975,1.05,1.025,0.95,1.05,0.925,0.9,1.1,0.9,1.0025,0.975,1.05,0.95,0.925,1.025
2,0.85,1.25,1.075,1.05,0.9,0.975,1.25,0.925,0.95,0.975,0.85,0.95,1.075,1.1,0.9,1.1,0.9975,1.025,0.95,1.05,0.975,0.975
3,0.925,0.875,1.0375,1.075,0.95,0.9625,0.875,0.9875,1.075,1.0125,0.975,0.975,0.9625,1.05,0.95,1.15,0.9988,1.0375,1.075,0.925,0.9125,0.9625
4,1.225,1.375,0.8875,0.975,1.15,1.0125,1.375,0.9375,0.975,0.9625,0.875,1.075,1.1125,0.85,1.15,0.95,1.0038,0.9875,0.975,1.025,0.9625,1.0125
5,1.075,0.625,1.1125,1.025,1.05,1.0375,0.625,0.9125,0.925,0.9875,0.825,1.025,0.8875,1.15,1.05,1.05,1.0012,1.0125,0.925,0.975,0.9375,1.0375
6,0.775,1.125,0.9625,0.925,0.85,0.9875,1.125,0.9625,1.025,1.0375,0.925,0.925,1.0375,0.95,0.85,0.85,0.9962,0.9625,1.025,1.075,0.9875,0.9875
7,0.8125,0.8125,1.1312,0.9875,1.025,0.9812,0.9375,0.9938,1.0875,0.9812,0.9375,0.9125,1.1312,1.175,1.125,1.175,1.0031,1.0312,1.0875,0.9625,0.9188,1.0188
8,1.1125,1.3125,0.9812,1.0875,0.825,1.0312,1.4375,0.9438,0.9875,1.0312,0.8375,1.0125,0.9812,0.975,0.925,0.975,0.9981,0.9812,0.9875,1.0625,0.9688,0.9688
9,1.2625,0.5625,1.0562,0.9375,0.925,1.0062,0.6875,0.9188,0.9375,1.0062,0.8875,1.0625,1.0562,1.075,0.825,1.075,0.9956,1.0062,0.9375,0.9125,0.9438,0.9938
10,0.9625,1.0625,0.9062,1.0375,1.125,0.9562,1.1875,0.9688,1.0375,0.9562,0.9875,0.9625,0.9062,0.875,1.025,0.875,1.0006,0.9562,1.0375,1.0125,0.9938,1.0438
11,0.8875,0.6875,0.9438,1.0125,1.175,0.9938,0.5625,0.9062,0.9125,1.0438,0.8625,0.9875,1.0187,0.925,1.075,0.825,1.0019,0.9688,0.9125,0.9875,0.9062,1.0062
12,1.1875,1.1875,1.0938,0.9125,0.975,1.0438,1.0625,0.9562,1.0125,0.9938,0.9625,1.0875,0.8688,1.125,0.875,1.025,0.9969,1.0188,1.0125,1.0875,0.9562,0.9562
13,1.0375,0.9375,0.8688,1.0625,0.875,1.0188,0.8125,0.9812,1.0625,0.9688,0.9125,1.0375,1.0938,0.825,0.975,0.925,0.9994,0.9938,1.0625,0.9375,0.9312,0.9812
14,0.7375,1.4375,1.0187,0.9625,1.075,0.9688,1.3125,0.9312,0.9625,1.0188,0.8125,0.9375,0.9438,1.025,1.175,1.125,1.0044,1.0438,0.9625,1.0375,0.9812,1.0312
15,0.7562,0.9688,0.9906,1.0312,0.9125,1.0469,1.0312,0.9844,0.9938,0.9656,0.8188,0.9812,1.0469,1.0625,0.9375,0.8125,1.0028,1.0094,1.0563,0.9062,0.9719,1.0406
16,1.0562,1.4688,1.1406,0.9312,1.1125,0.9969,0.5312,0.9344,1.0938,1.0156,0.9188,1.0812,0.8969,0.8625,1.1375,1.0125,0.9978,0.9594,0.9562,1.0062,0.9219,0.9906
17,1.2062,0.7188,0.9156,1.0812,1.0125,0.9719,1.2812,0.9094,1.0438,1.0406,0.9688,1.0312,1.1219,1.1625,1.0375,0.9125,0.9953,1.0344,0.9062,0.9562,0.9969,0.9656
18,0.9062,1.2188,1.0656,0.9812,0.8125,1.0219,0.7812,0.9594,0.9438,0.9906,0.8688,0.9312,0.9719,0.9625,0.8375,1.1125,1.0003,0.9844,1.0062,1.0563,0.9469,1.0156
19,0.9812,0.5938,1.1031,0.9562,0.8625,1.0344,1.4062,0.9219,1.0188,1.0031,0.9938,0.9062,1.0844,0.8125,0.8875,1.1625,1.0016,0.9969,0.9312,0.9312,0.9594,1.0281
20,1.2812,1.0938,0.9531,1.0563,1.0625,0.9844,0.9062,0.9719,0.9188,0.9531,0.8938,1.0062,0.9344,1.0125,1.0875,0.9625,0.9966,1.0469,1.0312,1.0312,0.9094,0.9781
21,1.1312,0.8438,1.0281,0.9062,1.1625,0.9594,1.1562,0.9969,0.9688,0.9781,0.8438,1.0563,1.0094,0.9125,1.1875,1.0625,0.9991,0.9719,1.0812,0.9812,0.9844,0.9531
22,0.8312,1.3438,0.8781,1.0062,0.9625,1.0094,0.6562,0.9469,1.0688,1.0281,0.9438,0.9562,0.8594,1.1125,0.9875,0.8625,1.0041,1.0219,0.9812,1.0812,0.9344,1.0031
23,0.7938,0.6562,1.0094,1.0688,1.1375,1.0156,1.4688,0.9156,1.0062,0.9969,0.9312,0.9938,0.9531,0.9375,1.0125,1.1875,0.9959,0.9781,0.9438,0.9688,0.9531,0.9844
24,1.0938,1.1562,0.8594,0.9688,0.9375,0.9656,0.9688,0.9656,0.9062,1.0469,0.8312,1.0938,1.1031,1.1375,0.8125,0.9875,1.0009,1.0281,1.0438,1.0688,0.9031,1.0344
25,1.2438,0.9062,1.0844,1.0188,0.8375,0.9906,1.2188,0.9906,0.9562,1.0219,0.8812,1.0438,0.8781,0.8375,0.9125,1.0875,1.0034,0.9531,1.0938,0.9188,0.9781,1.0094
26,0.9438,1.4062,0.9344,0.9188,1.0375,1.0406,0.7188,0.9406,1.0563,0.9719,0.9812,0.9438,1.0281,1.0375,1.1125,0.8875,0.9984,1.0031,0.9938,1.0188,0.9281,0.9594
27,0.8688,0.7812,0.8969,0.9438,1.0875,1.0031,1.0938,0.9781,0.9812,1.0344,0.8562,0.9188,0.9156,1.1875,1.1625,0.8375,0.9997,1.0156,1.0688,0.9938,0.9656,0.9969
28,1.1688,1.2812,1.0469,1.0438,0.8875,0.9531,0.5938,0.9281,1.0812,0.9844,0.9562,1.0188,1.0656,0.9875,0.9625,1.0375,1.0047,0.9656,0.9688,1.0938,0.9156,1.0469
29,1.0188,0.5312,0.9719,0.9938,0.9875,0.9781,1.3438,0.9031,1.0312,0.9594,0.9062,1.0688,0.9906,1.0875,0.8625,0.9375,1.0022,1.0406,0.9188,0.9438,0.9906,1.0219
30,0.7188,1.0312,1.1219,1.0938,1.1875,1.0281,0.8438,0.9531,0.9312,1.0094,0.8062,0.9688,1.1406,0.8875,1.0625,1.1375,0.9972,0.9906,1.0188,1.0438,0.9406,0.9719
31,0.7281,0.7656,1.0609,1.0094,0.8562,1.0422,1.2969,0.9672,1.0969,0.9547,0.8781,1.0906,0.9859,1.1938,1.1938,0.8438,0.9967,0.9547,0.9844,1.0031,0.9328,1.0203
32,1.0281,1.2656,0.9109,0.9094,1.0562,0.9922,0.7969,0.9172,0.9969,1.0047,0.9781,0.9906,1.1359,0.9938,0.9938,1.0438,1.0017,1.0047,1.0844,0.9031,0.9828,0.9703
33,1.1781,0.5156,1.1359,1.0594,1.1562,0.9672,1.0469,0.9422,0.9469,1.0297,0.9281,0.9406,0.9109,1.0938,0.8938,0.9438,1.0042,0.9797,1.0344,1.0531,0.9078,0.9953
34,0.8781,1.0156,0.9859,0.9594,0.9562,1.0172,0.5469,0.9922,1.0469,0.9797,0.8281,1.0406,1.0609,0.8938,1.0938,1.1438,0.9992,1.0297,0.9344,0.9531,0.9578,1.0453
35,0.9531,0.6406,0.8734,0.9844,0.9062,1.0297,1.1719,0.9297,0.9219,1.0172,0.9031,1.0156,0.8734,0.9438,1.0438,1.1938,0.998,1.0422,1.0094,1.0281,0.9453,1.0078
36,1.2531,1.1406,1.0234,1.0844,1.1062,0.9797,0.6719,0.9797,1.0219,0.9672,0.8031,0.9156,1.0234,1.1438,0.8438,0.9938,1.003,0.9922,0.9094,0.9281,0.9953,0.9578
37,1.1031,0.8906,0.9484,0.9344,1.0062,0.9547,1.4219,0.9547,1.0719,0.9922,0.8531,0.9656,0.9484,0.8438,0.9438,1.0938,1.0005,1.0172,0.9594,1.0781,0.9203,0.9828
38,0.8031,1.3906,1.0984,1.0344,0.8062,1.0047,0.9219,0.9047,0.9719,1.0422,0.9531,1.0656,1.0984,1.0438,1.1438,0.8938,0.9955,0.9672,1.0594,0.9781,0.9703,1.0328
39,0.8406,0.5781,0.9297,1.0969,1.0812,1.0234,1.2344,0.9359,0.9094,0.9859,0.9656,1.0781,1.0047,0.8188,0.8688,1.1688,1.0048,1.0359,1.0219,1.0656,0.9391,0.9516
40,1.1406,1.0781,1.0797,0.9969,0.8812,0.9734,0.7344,0.9859,1.0094,1.0359,0.8656,0.9781,0.8547,1.0188,1.0688,0.9688,0.9998,0.9859,0.9219,0.9656,0.9891,1.0016
41,1.2906,0.8281,0.8547,1.0469,0.9812,0.9984,1.4844,0.9609,1.0594,1.0109,0.8156,0.9281,1.0797,0.9188,1.1688,1.0688,0.9973,1.0109,0.9719,1.0156,0.9141,1.0266
42,0.9906,1.3281,1.0047,0.9469,1.1812,1.0484,0.9844,0.9109,0.9594,0.9609,0.9156,1.0281,0.9297,1.1188,0.9688,0.8688,1.0023,0.9609,1.0719,0.9156,0.9641,0.9766
43,0.9156,0.9531,1.1172,0.9219,1.1312,1.0109,1.3594,0.9734,1.0844,1.0484,0.8406,1.0031,1.1172,1.0688,0.9188,0.8188,1.0011,0.9734,0.9969,1.0906,0.9266,0.9641
44,1.2156,1.4531,0.9672,1.0219,0.9312,0.9609,0.8594,0.9234,0.9844,0.9984,0.9406,0.9031,0.9672,0.8688,1.1188,1.0188,0.9961,1.0234,1.0969,0.9906,0.9766,1.0141
45,1.0656,0.7031,1.0422,0.9719,0.8312,0.9859,1.1094,0.9484,0.9344,0.9734,0.9906,0.9531,1.0422,1.1688,1.0188,0.9188,0.9986,0.9984,1.0469,1.0406,0.9016,1.0391
46,0.7656,1.2031,0.8922,1.0719,1.0312,1.0359,0.6094,0.9984,1.0344,1.0234,0.8906,1.0531,0.8922,0.9688,0.8188,1.1188,1.0036,1.0484,0.9469,0.9406,0.9516,0.9891
47,0.7469,0.7344,1.0891,0.9281,0.9688,0.9578,0.7656,0.9453,1.0031,0.9641,0.8969,1.0219,1.1078,0.9312,1.0562,0.8312,1.0039,1.0078,1.0281,1.0094,0.9922,0.9859
48,1.0469,1.2344,0.9391,1.0281,1.1688,1.0078,1.2656,0.9953,0.9031,1.0141,0.9969,0.9219,0.9578,1.1312,0.8562,1.0312,0.9989,0.9578,0.9281,0.9094,0.9422,1.0359
49,1.1969,0.9844,1.0141,0.9781,1.0688,1.0328,0.5156,0.9703,0.9531,1.0391,0.9469,0.9719,1.0328,0.8312,0.9562,0.9312,0.9964,1.0328,0.9781,1.0594,0.9672,1.0109
50,0.8969,1.4844,0.8641,1.0781,0.8688,0.9828,1.0156,0.9203,1.0531,0.9891,0.8469,1.0719,0.8828,1.0312,1.1562,1.1312,1.0014,0.9828,1.0781,0.9594,0.9172,0.9609
51,0.9719,0.8594,0.9766,1.0531,0.8188,0.9703,0.6406,0.9578,0.9781,1.0016,0.9219,1.0969,1.0703,1.1812,1.1062,1.1812,1.0002,0.9953,0.9531,1.0344,0.9797,0.9984
52,1.2719,1.3594,1.1266,0.9531,1.0188,1.0203,1.1406,0.9078,1.0781,0.9516,0.8219,0.9969,0.9203,0.9812,0.9062,0.9812,0.9952,1.0453,1.0531,0.9344,0.9297,1.0484
53,1.1219,0.6094,0.9016,1.0031,1.1188,1.0453,0.8906,0.9328,1.0281,0.9766,0.8719,0.9469,1.1453,1.0812,0.8062,1.0812,0.9977,0.9703,1.0031,1.0844,0.9547,1.0234
54,0.8219,1.1094,1.0516,0.9031,0.9188,0.9953,1.3906,0.9828,0.9281,1.0266,0.9719,1.0469,0.9953,0.8812,1.0062,0.8812,1.0027,1.0203,0.9031,0.9844,0.9047,0.9734
55,0.7844,0.9219,0.9203,0.9656,1.1938,0.9766,0.7031,0.9516,0.9906,0.9953,0.9594,1.0094,0.9016,1.0562,0.9812,1.1562,0.997,0.9766,0.9656,1.0719,0.9859,1.0422
56,1.0844,1.4219,1.0703,1.0656,0.9938,1.0266,1.2031,0.9016,1.0906,1.0453,0.8594,0.9094,1.0516,0.8562,1.1812,0.9562,1.002,1.0266,1.0656,0.9719,0.9359,0.9922
57,1.2344,0.6719,0.9953,0.9156,0.8938,1.0016,0.9531,0.9266,1.0406,1.0203,0.8094,0.9594,0.9766,1.1562,1.0812,1.0562,1.0045,0.9516,1.0156,1.0219,0.9609,0.9672
58,0.9344,1.1719,1.1453,1.0156,1.0938,0.9516,1.4531,0.9766,0.9406,0.9703,0.9094,1.0594,1.1266,0.9562,0.8812,0.8562,0.9995,1.0016,0.9156,0.9219,0.9109,1.0172
59,0.8594,0.5469,1.0328,1.0406,1.0438,0.9891,0.8281,0.9391,1.0156,1.0328,0.8344,1.0844,0.9391,0.8062,0.8312,0.8062,0.9983,1.0141,1.0406,1.0969,0.9984,1.0297
60,1.1594,1.0469,0.8828,0.9406,0.8438,1.0391,1.3281,0.9891,0.9156,0.9828,0.9344,0.9844,1.0891,1.0062,1.0312,1.0062,1.0033,0.9641,0.9406,0.9969,0.9484,0.9797
61,1.0094,0.7969,1.1078,1.0906,0.9438,1.0141,0.5781,0.9641,0.9656,0.9578,0.9844,0.9344,0.8641,0.9062,1.1312,0.9062,1.0008,1.0391,0.9906,1.0469,0.9734,0.9547
62,0.7094,1.2969,0.9578,0.9906,1.1438,0.9641,1.0781,0.9141,1.0656,1.0078,0.8844,1.0344,1.0141,1.1062,0.9312,1.1062,0.9958,0.9891,1.0906,0.9469,0.9234,1.0047
63,0.7141,0.8984,1.0961,1.0672,1.0594,0.9945,1.1641,0.9211,1.0484,0.9617,0.9891,0.9453,0.9789,1.0094,1.1219,1.0031,1.0038,0.982,0.9703,1.0891,0.9711,1.0445
64,1.0141,1.3984,0.9461,0.9672,0.8594,1.0445,0.6641,0.9711,0.9484,1.0117,0.8891,1.0453,1.1289,0.8094,0.9219,0.8031,0.9988,1.032,1.0703,0.9891,0.9211,0.9945
65,1.1641,0.6484,1.0211,1.0172,0.9594,1.0195,1.4141,0.9961,0.9984,1.0367,0.8391,1.0953,0.9039,1.1094,0.8219,1.1031,0.9963,0.957,1.0203,1.0391,0.9961,0.9695
66,0.8641,1.1484,0.8711,0.9172,1.1594,0.9695,0.9141,0.9461,1.0984,0.9867,0.9391,0.9953,1.0539,0.9094,1.0219,0.9031,1.0013,1.007,0.9203,0.9391,0.9461,1.0195
67,0.9391,0.5234,0.9836,0.9422,1.1094,0.982,1.2891,0.9836,0.9734,1.0242,0.8141,0.9703,0.8664,0.8594,1.0719,0.9531,1.0001,1.0195,1.0453,1.0641,0.9586,1.032
68,1.2391,1.0234,1.1336,1.0422,0.9094,1.032,0.7891,0.9336,1.0734,0.9742,0.9141,1.0703,1.0164,1.0594,0.8719,1.1531,0.9951,0.9695,0.9453,0.9641,0.9086,0.982
69,1.0891,0.7734,0.9086,0.9922,0.8094,1.007,1.0391,0.9086,1.0234,0.9992,0.9641,1.0203,0.9414,0.9594,0.9719,0.8531,0.9976,1.0445,0.9953,1.0141,0.9836,0.957
70,0.7891,1.2734,1.0586,1.0922,1.0094,0.957,0.5391,0.9586,0.9234,1.0492,0.8641,0.9203,1.0914,1.1594,1.1719,1.0531,1.0026,0.9945,1.0953,0.9141,0.9336,1.007
71,0.8266,0.7109,0.8898,1.0297,0.8844,0.9633,1.3516,0.9773,0.9609,0.9805,0.8516,0.9328,1.0352,0.9844,0.8469,0.9781,0.997,1.0008,1.0328,1.0266,0.9523,0.9758
72,1.1266,1.2109,1.0398,0.9297,1.0844,1.0133,0.8516,0.9273,1.0609,1.0305,0.9516,1.0328,0.8852,1.1844,1.0469,1.1781,1.002,0.9508,0.9328,0.9266,0.9023,1.0258
73,1.2766,0.9609,0.9648,1.0797,1.1844,1.0383,1.1016,0.9023,1.0109,1.0055,0.9016,1.0828,1.1102,0.8844,1.1469,0.8781,1.0045,1.0258,0.9828,1.0766,0.9773,1.0008
74,0.9766,1.4609,1.1148,0.9797,0.9844,0.9883,0.6016,0.9523,0.9109,0.9555,0.8016,0.9828,0.9602,1.0844,0.9469,1.0781,0.9995,0.9758,1.0828,0.9766,0.9273,0.9508
75,0.9016,0.8359,1.0023,0.9547,0.9344,0.9508,1.2266,0.9148,1.0359,1.043,0.9266,0.9578,1.1477,1.1344,0.9969,1.0281,0.9982,0.9883,0.9578,1.0016,0.9648,0.9883
76,1.2016,1.3359,0.8523,1.0547,1.1344,1.0008,0.7266,0.9648,0.9359,0.993,0.8266,1.0578,0.9977,0.9344,1.1969,0.8281,1.0032,1.0383,1.0578,0.9016,0.9148,1.0383
77,1.0516,0.5859,1.0773,0.9047,1.0344,1.0258,1.4766,0.9898,0.9859,0.968,0.8766,1.0078,1.0727,1.0344,1.0969,1.1281,1.0007,0.9633,1.0078,1.0516,0.9898,1.0133
78,0.7516,1.0859,0.9273,1.0047,0.8344,0.9758,0.9766,0.9398,1.0859,1.018,0.9766,0.9078,0.9227,0.8344,0.8969,0.9281,0.9957,1.0133,0.9078,0.9516,0.9398,0.9633
79,0.7703,0.6172,1.0492,0.9984,1.1719,1.0039,0.6328,0.993,1.0547,0.9711,0.9828,0.9641,1.082,0.8719,1.0344,1.0156,0.9966,1.0289,1.0141,1.0953,0.9055,0.9602
80,1.0703,1.1172,0.8992,1.0984,0.9719,0.9539,1.1328,0.943,0.9547,1.0211,0.8828,1.0641,0.932,1.0719,0.8344,0.8156,1.0016,0.9789,0.9141,0.9953,0.9555,1.0102
81,1.2203,0.8672,1.1242,0.9484,0.8719,0.9789,0.8828,0.918,0.9047,1.0461,0.8328,1.0141,1.007,0.9719,0.9344,1.1156,1.0041,1.0039,0.9641,1.0453,0.9305,1.0352
82,0.9203,1.3672,0.9742,1.0484,1.0719,1.0289,1.3828,0.968,1.0047,0.9961,0.9328,0.9141,0.857,1.1719,1.1344,0.9156,0.9991,0.9539,1.0641,0.9453,0.9805,0.9852
83,0.9953,0.9922,0.8617,1.0234,1.0219,1.0164,0.7578,0.9055,0.9297,1.0086,0.8078,0.9391,1.0445,1.0219,1.1844,0.9656,0.9979,0.9664,0.9891,1.0703,0.918,0.9727
84,1.2953,1.4922,1.0117,0.9234,0.8219,0.9664,1.2578,0.9555,1.0297,0.9586,0.9078,1.0391,0.8945,0.8219,0.9844,1.1656,1.0029,1.0164,1.0891,0.9703,0.968,1.0227
85,1.1453,0.7422,0.9367,1.0734,0.9219,0.9914,0.5078,0.9805,1.0797,0.9836,0.9578,1.0891,1.1195,1.1219,0.8844,0.8656,1.0004,0.9914,1.0391,1.0203,0.943,1.0477
86,0.8453,1.2422,1.0867,0.9734,1.1219,1.0414,1.0078,0.9305,0.9797,1.0336,0.8578,0.9891,0.9695,0.9219,1.0844,1.0656,0.9954,1.0414,0.9391,0.9203,0.993,0.9977
87,0.8078,0.8047,0.9555,0.9109,0.9969,1.0352,0.8203,0.9117,0.9422,0.9898,0.8703,0.9516,0.9133,1.1469,0.9094,0.9906,1.0048,0.9602,0.9766,1.0328,0.9242,1.0164
88,1.1078,1.3047,1.1055,1.0109,1.1969,0.9852,1.3203,0.9617,1.0422,1.0398,0.9703,1.0516,1.0633,0.9469,1.1094,1.1906,0.9998,1.0102,1.0766,0.9328,0.9742,0.9664
89,1.2578,0.5547,0.8805,0.9609,1.0969,0.9602,0.5703,0.9867,1.0922,1.0148,0.9203,1.0016,0.9883,1.0469,1.0094,0.8906,0.9973,0.9852,1.0266,1.0828,0.9492,0.9914
90,0.9578,1.0547,1.0305,1.0609,0.8969,1.0102,1.0703,0.9367,0.9922,0.9648,0.8203,0.9016,1.1383,0.8469,0.8094,1.0906,1.0023,1.0352,0.9266,0.9828,0.9992,1.0414
91,0.8828,0.6797,1.143,1.0859,0.8469,1.0477,0.6953,0.9992,1.0672,1.0273,0.9453,0.9266,0.9508,0.9969,0.8594,1.0406,1.001,1.0477,1.0016,1.0078,0.9117,1.0039
92,1.1828,1.1797,0.993,0.9859,1.0469,0.9977,1.1953,0.9492,0.9672,0.9773,0.8453,1.0266,1.1008,1.1969,1.0594,0.8406,0.996,0.9977,0.9016,0.9078,0.9617,0.9539
93,1.0328,0.9297,1.068,1.0359,1.1469,0.9727,0.9453,0.9242,0.9172,0.9523,0.8953,1.0766,0.8758,0.8969,1.1594,1.1406,0.9985,1.0227,0.9516,1.0578,0.9367,0.9789
94,0.7328,1.4297,0.918,0.9359,0.9469,1.0227,1.4453,0.9742,1.0172,1.0023,0.9953,0.9766,1.0258,1.0969,0.9594,0.9406,1.0035,0.9727,1.0516,0.9578,0.9867,1.0289
95,0.7234,0.6328,0.9695,0.9703,1.0031,1.0117,0.8984,0.9602,0.9516,0.957,0.9172,1.0609,0.8805,0.9906,0.8781,1.0469,1.003,0.9867,0.9422,0.9922,0.9883,0.9773
96,1.0234,1.1328,1.1195,1.0703,0.8031,0.9617,1.3984,0.9102,1.0516,1.007,0.8172,0.9609,1.0305,1.1906,1.0781,0.8469,0.998,1.0367,1.0422,1.0922,0.9383,1.0273
97,1.1734,0.8828,0.8945,0.9203,0.9031,0.9867,0.6484,0.9352,1.0016,1.032,0.8672,0.9109,0.9555,0.8906,1.1781,1.1469,0.9955,0.9617,1.0922,0.9422,0.9633,1.0023
98,0.8734,1.3828,1.0445,1.0203,1.1031,1.0367,1.1484,0.9852,0.9016,0.982,0.9672,1.0109,1.1055,1.0906,0.9781,0.9469,1.0005,1.0117,0.9922,1.0422,0.9133,0.9523
99,0.9484,0.7578,1.082,1.0453,1.1531,1.0242,0.5234,0.9477,1.0266,1.0195,0.8922,1.0359,0.993,1.1406,0.9281,0.9969,1.0018,1.0242,1.0672,0.9672,0.9758,0.9898
100,1.2484,1.2578,0.932,0.9453,0.9531,0.9742,1.0234,0.9977,0.9266,0.9695,0.9922,0.9359,1.143,0.9406,1.1281,1.1969,0.9968,0.9742,0.9672,1.0672,0.9258,1.0398
101,1.0984,0.5078,1.007,1.0953,0.8531,0.9992,0.7734,0.9727,0.9766,0.9945,0.9422,0.9859,0.918,1.0406,1.0281,0.8969,0.9993,1.0492,0.9172,0.9172,0.9508,1.0148
102,0.7984,1.0078,0.857,0.9953,1.0531,1.0492,1.2734,0.9227,1.0766,1.0445,0.8422,1.0859,1.068,0.8406,0.8281,1.0969,1.0043,0.9992,1.0172,1.0172,0.9008,0.9648
103,0.8359,0.9453,1.0258,0.9328,0.8281,1.0305,0.5859,0.9414,1.0391,0.9758,0.8297,1.0734,1.1242,1.0156,1.1531,0.9719,0.9962,1.0055,1.0547,0.9297,0.982,1.0461
104,1.1359,1.4453,0.8758,1.0328,1.0281,0.9805,1.0859,0.9914,0.9391,1.0258,0.9297,0.9734,0.9742,0.8156,0.9531,1.1719,1.0012,0.9555,0.9547,1.0297,0.932,0.9961
105,1.2859,0.6953,1.1008,0.9828,1.1281,0.9555,0.8359,0.9664,0.9891,1.0008,0.9797,0.9234,1.0492,1.1156,0.8531,0.8719,1.0037,1.0305,0.9047,0.9797,0.957,0.9711
106,0.9859,1.1953,0.9508,1.0828,0.9281,1.0055,1.3359,0.9164,1.0891,0.9508,0.8797,1.0234,0.8992,0.9156,1.0531,1.0719,0.9987,0.9805,1.0047,1.0797,0.907,1.0211
107,0.9109,0.5703,0.9133,1.0578,0.9781,1.043,0.9609,0.9539,0.9641,1.0383,0.9547,1.0484,1.0117,0.8656,1.0031,1.0219,0.9999,0.993,0.9297,0.9047,0.9945,1.0336
108,1.2109,1.0703,1.0633,0.9578,1.1781,0.993,1.4609,0.9039,1.0641,0.9883,0.8547,0.9484,0.8617,1.0656,0.8031,0.8219,1.0049,1.043,1.0297,1.0047,0.9445,0.9836
109,1.0609,0.8203,0.9883,1.0078,1.0781,0.968,0.7109,0.9289,1.0141,0.9633,0.8047,0.9984,1.0867,0.9656,0.9031,1.1219,1.0024,0.968,1.0797,0.9547,0.9695,0.9586
110,0.7609,1.3203,1.1383,0.9078,0.8781,1.018,1.2109,0.9789,0.9141,1.0133,0.9047,1.0984,0.9367,1.1656,1.1031,0.9219,0.9974,1.018,0.9797,1.0547,0.9195,1.0086
111,0.7422,0.8516,0.8852,1.0891,1.1156,0.9898,1.4297,0.9258,0.9453,0.9727,0.9109,1.0297,1.0586,1.1281,0.9656,1.0344,0.9952,1.0273,1.0984,0.9984,0.9352,1.018
112,1.0422,1.3516,1.0352,0.9891,0.9156,1.0398,0.9297,0.9758,1.0453,1.0227,0.8109,0.9297,0.9086,0.9281,1.1656,0.8344,1.0002,0.9773,0.9984,1.0984,0.9852,0.968
113,1.1922,0.6016,0.9602,1.0391,0.8156,1.0148,1.1797,0.9508,1.0953,1.0477,0.8609,0.9797,1.1336,1.0281,1.0656,1.1344,1.0027,1.0023,0.9484,0.9484,0.9102,0.993
114,0.8922,1.1016,1.1102,0.9391,1.0156,0.9648,0.6797,0.9008,0.9953,0.9977,0.9609,1.0797,0.9836,0.8281,0.8656,0.9344,0.9977,0.9523,1.0484,1.0484,0.9602,1.043
115,0.9672,0.7266,1.0727,0.9141,1.0656,0.9773,1.0547,0.9633,1.0703,1.0102,0.8859,1.0547,1.0961,0.9781,0.8156,0.9844,0.999,0.9648,0.9234,0.9734,0.9477,1.0055
116,1.2672,1.2266,0.9227,1.0141,0.8656,1.0273,0.5547,0.9133,0.9703,0.9602,0.9859,0.9547,0.9461,1.1781,1.0156,1.1844,1.004,1.0148,1.0234,1.0734,0.9977,0.9555
117,1.1172,0.9766,1.1477,0.9641,0.9656,1.0023,1.3047,0.9383,0.9203,0.9852,0.9359,0.9047,1.0211,0.8781,1.1156,0.8844,1.0015,0.9898,1.0734,0.9234,0.9227,0.9805
118,0.8172,1.4766,0.9977,1.0641,1.1656,0.9523,0.8047,0.9883,1.0203,1.0352,0.8359,1.0047,0.8711,1.0781,0.9156,1.0844,0.9965,1.0398,0.9734,1.0234,0.9727,1.0305
119,0.7797,0.5391,1.1289,1.0016,0.9406,0.9711,1.1172,0.9695,1.0578,0.9914,0.8484,1.0422,0.9273,0.8531,1.0906,0.9594,1.0034,0.9586,0.9109,0.9359,0.9414,0.9617
120,1.0797,1.0391,0.9789,0.9016,1.1406,1.0211,0.6172,0.9195,0.9578,1.0414,0.9484,0.9422,1.0773,1.0531,0.8906,1.1594,0.9984,1.0086,1.0109,1.0359,0.9914,1.0117
121,1.2297,0.7891,1.0539,1.0516,1.0406,1.0461,1.3672,0.9445,0.9078,1.0164,0.9984,0.9922,0.8523,0.9531,0.9906,0.8594,0.9959,0.9836,1.0609,0.9859,0.9164,1.0367
122,0.9297,1.2891,0.9039,0.9516,0.8406,0.9961,0.8672,0.9945,1.0078,0.9664,0.8984,1.0922,1.0023,1.1531,1.1906,1.0594,1.0009,1.0336,0.9609,1.0859,0.9664,0.9867
123,0.8547,0.9141,0.9414,0.9766,0.8906,0.9586,1.4922,0.932,0.9328,1.0289,0.9734,1.0672,0.8898,1.0031,1.1406,1.0094,1.0021,1.0461,1.0859,0.9109,0.9289,0.9742
124,1.1547,1.4141,1.0914,1.0766,1.0906,1.0086,0.9922,0.982,1.0328,0.9789,0.8734,0.9672,1.0398,0.8031,0.9406,0.8094,0.9971,0.9961,0.9859,1.0109,0.9789,1.0242
125,1.0047,0.6641,0.8664,0.9266,1.1906,1.0336,1.2422,0.957,1.0828,0.9539,0.8234,0.9172,0.9648,1.1031,0.8406,1.1094,0.9996,1.0211,0.9359,0.9609,0.9039,1.0492
126,0.7047,1.1641,1.0164,1.0266,0.9906,0.9836,0.7422,0.907,0.9828,1.0039,0.9234,1.0172,1.1148,0.9031,1.0406,0.9094,1.0046,0.9711,1.0359,1.0609,0.9539,0.9992
127,0.707,0.832,0.9379,0.9383,1.1609,1.0176,1.3633,0.9246,0.9211,1.0316,0.9477,1.0477,1.0949,1.1516,0.8109,1.1047,1.0007,0.9855,0.9164,1.0117,0.9855,0.9559
128,1.007,1.332,1.0879,1.0383,0.9609,0.9676,0.8633,0.9746,1.0211,0.9816,0.8477,0.9477,0.9449,0.9516,1.0109,0.9047,0.9957,1.0355,1.0164,0.9117,0.9355,1.0059
129,1.157,0.582,0.8629,0.9883,0.8609,0.9926,1.1133,0.9996,1.0711,0.9566,0.8977,0.9977,1.0199,1.0516,1.1109,1.0047,0.9982,0.9605,1.0664,1.0617,0.9605,1.0309
130,0.857,1.082,1.0129,1.0883,1.0609,1.0426,0.6133,0.9496,0.9711,1.0066,0.9977,1.0977,0.8699,0.8516,0.9109,0.8047,1.0032,1.0105,0.9664,0.9617,0.9105,0.9809
131,0.932,0.707,1.1254,1.0633,1.0109,1.0051,1.2383,0.9871,1.0961,0.9941,0.8727,1.0727,1.0574,0.9016,0.9609,0.8547,1.0044,1.023,1.0914,1.0367,0.998,0.9684
132,1.232,1.207,0.9754,0.9633,0.8109,0.9551,0.7383,0.9371,0.9961,1.0441,0.9727,0.9727,0.9074,1.1016,1.1609,1.0547,0.9994,0.973,0.9914,0.9367,0.948,1.0184
133,1.082,0.957,1.0504,1.0133,0.9109,0.9801,1.4883,0.9121,0.9461,1.0191,0.9227,0.9227,1.1324,0.8016,1.0609,0.9547,0.9969,1.048,0.9414,1.0867,0.973,1.0434
134,0.782,1.457,0.9004,0.9133,1.1109,1.0301,0.9883,0.9621,1.0461,0.9691,0.8227,1.0227,0.9824,1.0016,0.8609,1.1547,1.0019,0.998,1.0414,0.9867,0.923,0.9934
135,0.8195,0.5195,1.0691,0.9508,0.9859,1.0488,1.1758,0.9809,1.0836,1.0004,0.8102,1.0352,0.8887,0.8266,1.1359,0.8797,0.9975,1.0043,1.0789,1.0742,0.9918,1.0246
136,1.1195,1.0195,0.9191,1.0508,1.1859,0.9988,0.6758,0.9309,0.9836,0.9504,0.9102,0.9352,1.0387,1.0266,0.9359,1.0797,1.0025,0.9543,0.9789,0.9742,0.9418,0.9746
137,1.2695,0.7695,1.1441,0.9008,1.0859,0.9738,1.4258,0.9059,0.9336,0.9754,0.9602,0.9852,0.9637,0.9266,0.8359,0.9797,1.0,1.0293,0.9289,1.0242,0.9668,0.9996
138,0.9695,1.2695,0.9941,1.0008,0.8859,1.0238,0.9258,0.9559,1.0336,1.0254,0.8602,1.0852,1.1137,1.1266,1.0359,1.1797,0.995,0.9793,1.0289,0.9242,0.9168,1.0496
139,0.8945,0.8945,0.8816,1.0258,0.8359,1.0363,1.3008,0.9184,0.9086,0.9629,0.9852,1.0602,0.9262,1.0766,1.0859,1.1297,0.9963,0.9918,0.9039,1.0992,0.9793,1.0121
140,1.1945,1.3945,1.0316,0.9258,1.0359,0.9863,0.8008,0.9684,1.0086,1.0129,0.8852,0.9602,1.0762,0.8766,0.8859,0.9297,1.0013,1.0418,1.0039,0.9992,0.9293,0.9621
141,1.0445,0.6445,0.9566,1.0758,1.1359,0.9613,1.0508,0.9934,1.0586,1.0379,0.8352,0.9102,0.8512,1.1766,0.9859,1.0297,1.0038,0.9668,1.0539,1.0492,0.9543,0.9871
142,0.7445,1.1445,1.1066,0.9758,0.9359,1.0113,0.5508,0.9434,0.9586,0.9879,0.9352,1.0102,1.0012,0.9766,1.1859,0.8297,0.9988,1.0168,0.9539,0.9492,0.9043,1.0371
143,0.7633,0.6758,0.9098,1.0195,1.0734,0.9832,0.832,0.9902,0.9773,1.0473,0.9289,1.0664,0.9918,0.9141,0.9484,1.1172,0.9985,1.0262,1.0727,1.0055,0.9387,1.0402
144,1.0633,1.1758,1.0598,0.9195,0.8734,1.0332,1.332,0.9402,1.0773,0.9973,0.8289,0.9664,1.1418,1.1141,1.1484,0.9172,1.0035,0.9762,0.9727,0.9055,0.9887,0.9902
145,1.2133,0.9258,0.9848,1.0695,0.9734,1.0082,0.582,0.9152,1.0273,0.9723,0.8789,0.9164,0.9168,0.8141,1.0484,1.0172,1.001,1.0012,0.9227,1.0555,0.9137,0.9652
146,0.9133,1.4258,1.1348,0.9695,1.1734,0.9582,1.082,0.9652,0.9273,1.0223,0.9789,1.0164,1.0668,1.0141,0.8484,0.8172,0.996,0.9512,1.0227,0.9555,0.9637,1.0152
147,0.9883,0.8008,1.0223,0.9945,1.1234,0.9957,0.707,0.9027,1.0023,0.9848,0.8539,1.0414,0.8793,1.1641,0.8984,0.8672,0.9972,0.9637,0.9477,1.0305,0.9262,1.0277
148,1.2883,1.3008,0.8723,1.0945,0.9234,1.0457,1.207,0.9527,0.9023,1.0348,0.9539,0.9414,1.0293,0.9641,1.0984,1.0672,1.0022,1.0137,1.0477,0.9305,0.9762,0.9777
149,1.1383,0.5508,1.0973,0.9445,0.8234,1.0207,0.957,0.9777,0.9523,1.0098,0.9039,0.9914,0.9543,1.0641,1.1984,0.9672,1.0047,0.9887,1.0977,1.0805,0.9012,0.9527
150,0.8383,1.0508,0.9473,1.0445,1.0234,0.9707,1.457,0.9277,1.0523,0.9598,0.8039,1.0914,1.1043,0.8641,0.9984,1.1672,0.9997,1.0387,0.9977,0.9805,0.9512,1.0027
151,0.8008,0.9883,1.0785,1.082,0.8984,0.952,0.6445,0.909,1.0148,1.016,0.8164,1.0539,1.0105,1.0891,1.0234,0.8922,1.0004,0.9574,0.9352,1.068,0.9324,0.984
152,1.1008,1.4883,0.9285,0.982,1.0984,1.002,1.1445,0.959,0.9148,0.966,0.9164,0.9539,0.8605,0.8891,0.8234,1.0922,0.9954,1.0074,1.0352,0.968,0.9824,1.034
153,1.2508,0.7383,1.0035,1.032,1.1984,1.027,0.8945,0.984,0.9648,0.991,0.9664,0.9039,1.0855,1.1891,0.9234,0.9922,0.9979,0.9824,1.0852,1.018,0.9074,1.009
154,0.9508,1.2383,0.8535,0.932,0.9984,0.977,1.3945,0.934,1.0648,1.041,0.8664,1.0039,0.9355,0.9891,1.1234,1.1922,1.0029,1.0324,0.9852,0.918,0.9574,0.959
155,0.8758,0.6133,0.966,0.907,0.9484,0.9645,0.7695,0.9965,0.9898,0.9535,0.9914,1.0289,1.123,0.8391,1.1734,1.1422,1.0041,1.0449,1.0602,1.093,0.9449,0.9965
156,1.1758,1.1133,1.116,1.007,1.1484,1.0145,1.2695,0.9465,1.0898,1.0035,0.8914,0.9289,0.973,1.0391,0.9734,0.9422,0.9991,0.9949,0.9602,0.993,0.9949,1.0465
157,1.0258,0.8633,0.891,0.957,1.0484,1.0395,0.5195,0.9215,1.0398,1.0285,0.8414,0.9789,1.048,0.9391,0.8734,1.0422,0.9966,1.0199,0.9102,1.043,0.9199,1.0215
158,0.7258,1.3633,1.041,1.057,0.8484,0.9895,1.0195,0.9715,0.9398,0.9785,0.9414,1.0789,0.898,1.1391,1.0734,0.8422,1.0016,0.9699,1.0102,0.943,0.9699,0.9715
159,0.7352,0.5664,1.1488,1.0477,1.1047,0.9754,0.5664,0.9574,1.0805,1.0363,0.9695,0.957,1.0434,0.8453,1.1922,1.1484,1.0024,0.984,0.9945,0.9086,0.9559,1.023
160,1.0352,1.0664,0.9988,0.9477,0.9047,1.0254,1.0664,0.9074,0.9805,0.9863,0.8695,1.057,0.8934,1.0453,0.9922,0.9484,0.9974,1.034,1.0945,1.0086,0.9059,0.973
161,1.1852,0.8164,1.0738,1.0977,0.8047,1.0004,0.8164,0.9324,0.9305,0.9613,0.8195,1.007,1.1184,0.9453,0.8922,1.0484,0.9999,0.959,1.0445,0.9586,0.9809,0.998
162,0.8852,1.3164,0.9238,0.9977,1.0047,0.9504,1.3164,0.9824,1.0305,1.0113,0.9195,0.907,0.9684,1.1453,1.0922,0.8484,1.0049,1.009,0.9445,1.0586,0.9309,1.048
163,0.9602,0.9414,0.9613,0.9727,1.0547,0.9879,0.9414,0.9449,0.9055,0.9988,0.8445,0.932,1.0809,1.0953,1.0422,0.8984,1.0036,1.0215,1.0195,0.9336,0.9684,1.0105
164,1.2602,1.4414,1.1113,1.0727,0.8547,1.0379,1.4414,0.9949,1.0055,1.0488,0.9445,1.032,0.9309,0.8953,0.8422,1.0984,0.9986,0.9715,0.9195,1.0336,0.9184,0.9605
165,1.1102,0.6914,0.8863,0.9227,0.9547,1.0129,0.6914,0.9699,1.0555,1.0238,0.9945,1.082,1.0059,1.1953,0.9422,0.9984,0.9961,1.0465,0.9695,0.9836,0.9934,0.9855
166,0.8102,1.1914,1.0363,1.0227,1.1547,0.9629,1.1914,0.9199,0.9555,0.9738,0.8945,0.982,0.8559,0.9953,1.1422,1.1984,1.0011,0.9965,1.0695,1.0836,0.9434,1.0355
167,0.8477,0.7539,0.8676,1.0602,0.9297,0.9566,0.8789,0.9387,0.918,1.0051,0.882,0.9695,0.9496,1.1703,0.8672,0.8734,0.9993,1.0027,1.007,0.9711,0.9746,0.9543
168,1.1477,1.2539,1.0176,0.9602,1.1297,1.0066,1.3789,0.9887,1.018,0.9551,0.982,1.0695,1.0996,0.9703,1.0672,1.0734,1.0043,0.9527,0.907,1.0711,0.9246,1.0043
169,1.2977,0.5039,0.9426,1.0102,1.0297,1.0316,0.6289,0.9637,1.068,0.9801,0.932,1.0195,0.8746,1.0703,1.1672,0.9734,1.0018,1.0277,0.957,0.9211,0.9996,1.0293
170,0.9977,1.0039,1.0926,0.9102,0.8297,0.9816,1.1289,0.9137,0.968,1.0301,0.832,0.9195,1.0246,0.8703,0.9672,1.1734,0.9968,0.9777,1.057,1.0211,0.9496,0.9793
171,0.9227,0.6289,1.0551,0.9352,0.8797,0.9691,0.5039,0.9512,1.093,0.9676,0.907,0.9445,0.9121,0.9203,0.9172,1.1234,0.9955,0.9902,0.982,0.9961,0.9621,0.9668
172,1.2227,1.1289,0.9051,1.0352,1.0797,1.0191,1.0039,0.9012,0.993,1.0176,0.807,1.0445,1.0621,1.1203,1.1172,0.9234,1.0005,1.0402,1.082,1.0961,0.9121,1.0168
173,1.0727,0.8789,1.1301,0.9852,1.1797,1.0441,0.7539,0.9262,0.943,1.0426,0.857,1.0945,0.9871,0.8203,1.0172,1.0234,1.003,0.9652,1.032,0.9461,0.9871,1.0418
174,0.7727,1.3789,0.9801,1.0852,0.9797,0.9941,1.2539,0.9762,1.043,0.9926,0.957,0.9945,1.1371,1.0203,0.8172,0.8234,0.998,1.0152,0.932,1.0461,0.9371,0.9918
175,0.7539,0.9102,1.0082,0.9164,1.0172,1.0223,1.0977,0.9293,1.0242,1.0457,0.9508,0.9258,0.8652,1.0828,1.0547,1.1359,0.9996,1.0309,1.0383,0.9023,0.9215,0.9824
176,1.0539,1.4102,0.8582,1.0164,0.8172,0.9723,0.5977,0.9793,0.9242,0.9957,0.8508,1.0258,1.0152,0.8828,0.8547,0.9359,1.0046,0.9809,0.9383,1.0023,0.9715,1.0324
177,1.2039,0.6602,1.0832,0.9664,0.9172,0.9973,1.3477,0.9543,0.9742,0.9707,0.8008,1.0758,0.9402,1.1828,0.9547,1.0359,1.0021,1.0059,0.9883,0.9523,0.9465,1.0074
178,0.9039,1.1602,0.9332,1.0664,1.1172,1.0473,0.8477,0.9043,1.0742,1.0207,0.9008,0.9758,1.0902,0.9828,1.1547,0.8359,0.9971,0.9559,1.0883,1.0523,0.9965,0.9574
179,0.9789,0.5352,0.8957,1.0914,1.1672,1.0098,1.4727,0.9668,0.9992,0.9832,0.8258,0.9508,0.9777,0.8328,1.1047,0.8859,0.9958,0.9684,0.9633,0.9273,0.909,0.9949
180,1.2789,1.0352,1.0457,0.9914,0.9672,0.9598,0.9727,0.9168,1.0992,1.0332,0.9258,1.0508,1.1277,1.0328,0.9047,1.0859,1.0008,1.0184,1.0633,1.0273,0.959,1.0449
181,1.1289,0.7852,0.9707,1.0414,0.8672,0.9848,1.2227,0.9418,1.0492,1.0082,0.9758,1.0008,0.9027,0.9328,0.8047,0.9859,1.0033,0.9934,1.0133,0.9773,0.934,1.0199
182,0.8289,1.2852,1.1207,0.9414,1.0672,1.0348,0.7227,0.9918,0.9492,0.9582,0.8758,0.9008,1.0527,1.1328,1.0047,1.1859,0.9983,1.0434,0.9133,1.0773,0.984,0.9699
183,0.7914,0.7227,0.9895,0.9789,0.8422,1.041,1.4102,0.973,0.9867,1.0145,0.8883,0.9383,1.1465,0.9078,0.9797,0.8609,1.0014,0.9621,0.9508,0.9648,0.9027,1.0387
184,1.0914,1.2227,1.1395,1.0789,1.0422,0.991,0.9102,0.923,1.0867,0.9645,0.9883,1.0383,0.9965,1.1078,1.1797,1.0609,0.9964,1.0121,1.0508,1.0648,0.9527,0.9887
185,1.2414,0.9727,0.9145,0.9289,1.1422,0.966,1.1602,0.948,1.0367,0.9895,0.9383,1.0883,1.0715,0.8078,1.0797,0.9609,0.9989,0.9871,1.0008,0.9148,0.9277,0.9637
186,0.9414,1.4727,1.0645,1.0289,0.9422,1.016,0.6602,0.998,0.9367,1.0395,0.8383,0.9883,0.9215,1.0078,0.8797,1.1609,1.0039,1.0371,0.9008,1.0148,0.9777,1.0137
187,0.8664,0.8477,1.102,1.0039,0.9922,1.0285,1.0352,0.9355,1.0117,0.952,0.9133,0.9633,1.034,1.1578,0.8297,1.1109,1.0027,1.0496,1.0258,0.9898,0.9152,1.0262
188,1.1664,1.3477,0.952,0.9039,1.1922,0.9785,0.5352,0.9855,0.9117,1.002,0.8133,1.0633,0.884,0.9578,1.0297,0.9109,0.9977,0.9996,0.9258,1.0898,0.9652,0.9762
189,1.0164,0.5977,1.027,1.0539,1.0922,0.9535,1.2852,0.9605,0.9617,1.027,0.8633,1.0133,1.109,1.0578,1.1297,1.0109,0.9952,1.0246,0.9758,0.9398,0.9402,0.9512
190,0.7164,1.0977,0.877,0.9539,0.8922,1.0035,0.7852,0.9105,1.0617,0.977,0.9633,0.9133,0.959,0.8578,0.9297,0.8109,1.0002,0.9746,1.0758,1.0398,0.9902,1.0012
191,0.7117,0.6992,1.0293,1.0805,0.9016,1.0371,0.9648,0.9035,1.0289,1.0309,0.8617,1.0055,1.0738,0.9609,1.1141,0.9016,0.9995,0.9535,0.9617,0.9977,0.9426,1.0488
192,1.0117,1.1992,0.8793,0.9805,1.1016,0.9871,1.4648,0.9535,0.9289,0.9809,0.9617,0.9055,0.9238,1.1609,0.9141,1.1016,1.0045,1.0035,1.0617,1.0977,0.9926,0.9988
193,1.1617,0.9492,1.1043,1.0305,1.0016,0.9621,0.7148,0.9785,0.9789,0.9559,0.9117,0.9555,1.1488,0.8609,0.8141,0.8016,1.002,0.9785,1.0117,0.9477,0.9176,0.9738
194,0.8617,1.4492,0.9543,0.9305,0.8016,1.0121,1.2148,0.9285,1.0789,1.0059,0.8117,1.0555,0.9988,1.0609,1.0141,1.0016,0.997,1.0285,0.9117,1.0477,0.9676,1.0238
195,0.9367,0.8242,0.9168,0.9055,0.8516,1.0496,0.5898,0.991,0.9539,0.9934,0.9367,1.0805,1.1113,1.1109,1.0641,1.0516,0.9957,1.041,1.0367,0.9727,0.9301,1.0363
196,1.2367,1.3242,1.0668,1.0055,1.0516,0.9996,1.0898,0.941,1.0539,1.0434,0.8367,0.9805,0.9613,0.9109,0.8641,0.8516,1.0007,0.991,0.9367,1.0727,0.9801,0.9863
197,1.0867,0.5742,0.9918,0.9555,1.1516,0.9746,0.8398,0.916,1.0039,1.0184,0.8867,0.9305,1.0363,1.0109,0.9641,1.1516,1.0032,1.016,0.9867,0.9227,0.9051,0.9613
198,0.7867,1.0742,1.1418,1.0555,0.9516,1.0246,1.3398,0.966,0.9039,0.9684,0.9867,1.0305,0.8863,0.8109,1.1641,0.9516,0.9982,0.966,1.0867,1.0227,0.9551,1.0113
199,0.8242,0.8867,0.973,1.018,1.1266,1.0059,0.5273,0.9973,0.9664,1.0121,0.9992,1.018,0.9426,1.0359,0.8391,1.0766,1.0014,1.0348,1.0492,0.9352,0.9363,0.9801
200,1.1242,1.3867,1.123,0.918,0.9266,0.9559,1.0273,0.9473,1.0664,0.9621,0.8992,0.918,1.0926,0.8359,1.0391,0.8766,0.9964,0.9848,0.9492,1.0352,0.9863,1.0301
201,1.2742,0.6367,0.898,1.068,0.8266,0.9809,0.7773,0.9223,1.0164,0.9871,0.8492,0.968,0.8676,1.1359,1.1391,1.1766,0.9989,1.0098,0.9992,0.9852,0.9113,1.0051
202,0.9742,1.1367,1.048,0.968,1.0266,1.0309,1.2773,0.9723,0.9164,1.0371,0.9492,1.068,1.0176,0.9359,0.9391,0.9766,1.0039,0.9598,1.0992,1.0852,0.9613,0.9551
203,0.8992,0.5117,1.0855,0.993,1.0766,1.0184,0.9023,0.9098,1.0414,0.9746,0.8242,1.093,0.9051,0.8859,0.9891,0.9266,1.0026,0.9723,0.9742,0.9102,0.9488,0.9926
204,1.1992,1.0117,0.9355,1.093,0.8766,0.9684,1.4023,0.9598,0.9414,1.0246,0.9242,0.993,1.0551,1.0859,1.1891,1.1266,0.9976,1.0223,1.0742,1.0102,0.9988,1.0426
205,1.0492,0.7617,1.0105,0.943,0.9766,0.9934,0.6523,0.9848,0.9914,1.0496,0.9742,0.943,0.9801,0.9859,1.0891,0.8266,0.9951,0.9973,1.0242,0.9602,0.9238,1.0176
206,0.7492,1.2617,0.8605,1.043,1.1766,1.0434,1.1523,0.9348,1.0914,0.9996,0.8742,1.043,1.1301,1.1859,0.8891,1.0266,1.0001,1.0473,0.9242,1.0602,0.9738,0.9676
207,0.768,0.793,1.1137,0.9617,0.8141,0.9652,1.4961,0.9816,1.0727,1.0402,0.868,1.0867,0.877,1.1234,1.0266,0.9141,1.0023,1.0066,1.0055,0.9914,0.9832,0.9582
208,1.068,1.293,0.9637,1.0617,1.0141,1.0152,0.9961,0.9316,0.9727,0.9902,0.968,0.9867,1.027,0.9234,0.8266,1.1141,0.9973,0.9566,0.9055,1.0914,0.9332,1.0082
209,1.218,0.543,1.0387,0.9117,1.1141,1.0402,1.2461,0.9066,0.9227,0.9652,0.918,0.9367,0.952,1.0234,0.9266,0.8141,0.9998,1.0316,0.9555,0.9414,0.9582,1.0332
210,0.918,1.043,0.8887,1.0117,0.9141,0.9902,0.7461,0.9566,1.0227,1.0152,0.818,1.0367,1.102,0.8234,1.1266,1.0141,1.0048,0.9816,1.0555,1.0414,0.9082,0.9832
211,0.993,0.668,0.9262,1.0367,0.9641,0.9527,1.1211,0.9191,0.9477,0.9777,0.943,1.0117,0.9895,0.9734,1.1766,1.0641,1.0036,0.9941,0.9805,0.9664,0.9957,0.9707
212,1.293,1.168,1.0762,0.9367,1.1641,1.0027,0.6211,0.9691,1.0477,1.0277,0.843,0.9117,1.1395,1.1734,0.9766,0.8641,0.9986,1.0441,1.0805,1.0664,0.9457,1.0207
213,1.143,0.918,0.8512,1.0867,1.0641,1.0277,1.3711,0.9941,1.0977,1.0027,0.893,0.9617,0.9145,0.8734,0.8766,1.1641,0.9961,0.9691,1.0305,0.9164,0.9707,1.0457
214,0.843,1.418,1.0012,0.9867,0.8641,0.9777,0.8711,0.9441,0.9977,0.9527,0.993,1.0617,1.0645,1.0734,1.0766,0.9641,1.0011,1.0191,0.9305,1.0164,0.9207,0.9957
215,0.8055,0.6055,0.8699,0.9492,1.0391,0.9965,1.0586,0.9129,0.9352,1.0215,0.9805,1.0992,1.1207,0.8984,0.9016,1.0891,0.9992,0.9754,0.993,0.9289,0.9895,1.0145
216,1.1055,1.1055,1.0199,1.0492,0.8391,1.0465,0.5586,0.9629,1.0352,0.9715,0.8805,0.9992,0.9707,1.0984,1.1016,0.8891,1.0042,1.0254,1.093,1.0289,0.9395,0.9645
217,1.2555,0.8555,0.9449,0.9992,0.9391,1.0215,1.3086,0.9879,1.0852,0.9965,0.8305,0.9492,1.0457,0.9984,1.0016,1.1891,1.0017,0.9504,1.043,0.9789,0.9645,0.9895
218,0.9555,1.3555,1.0949,1.0992,1.1391,0.9715,0.8086,0.9379,0.9852,1.0465,0.9305,1.0492,0.8957,1.1984,0.8016,0.9891,0.9967,1.0004,0.943,1.0789,0.9145,1.0395
219,0.8805,0.9805,1.0574,1.0742,1.1891,0.984,1.4336,0.9754,1.0602,0.959,0.8055,1.0242,1.0082,1.0484,0.8516,0.9391,0.9954,1.0129,1.018,0.9039,0.977,1.002
220,1.1805,1.4805,0.9074,0.9742,0.9891,1.034,0.9336,0.9254,0.9602,1.009,0.9055,0.9242,0.8582,0.8484,1.0516,1.1391,1.0004,0.9629,0.918,1.0039,0.927,0.952
221,1.0305,0.7305,1.1324,1.0242,0.8891,1.009,1.1836,0.9004,0.9102,1.034,0.9555,0.9742,1.0832,1.1484,1.1516,0.8391,1.0029,1.0379,0.968,0.9539,0.952,0.977
222,0.7305,1.2305,0.9824,0.9242,1.0891,0.959,0.6836,0.9504,1.0102,0.984,0.8555,1.0742,0.9332,0.9484,0.9516,1.0391,0.9979,0.9879,1.068,1.0539,0.902,1.027
223,0.7211,0.9648,0.9027,0.9836,0.9578,0.9699,1.2305,0.9645,0.9695,1.0262,0.8336,0.9898,1.0879,1.0422,0.8828,0.9453,0.9987,0.952,0.9273,1.0945,0.9223,0.9785
224,1.0211,1.4648,1.0527,1.0836,1.1578,1.0199,0.7305,0.9145,1.0695,0.9762,0.9336,1.0898,0.9379,0.8422,1.0828,1.1453,1.0037,1.002,1.0273,0.9945,0.9723,1.0285
225,1.1711,0.7148,0.9777,0.9336,1.0578,1.0449,1.4805,0.9395,1.0195,0.9512,0.9836,1.0398,1.0129,1.1422,1.1828,0.8453,1.0012,0.977,1.0773,1.0445,0.9473,1.0035
226,0.8711,1.2148,1.1277,1.0336,0.8578,0.9949,0.9805,0.9895,0.9195,1.0012,0.8836,0.9398,0.8629,0.9422,0.9828,1.0453,0.9962,1.027,0.9773,0.9445,0.9973,0.9535
227,0.9461,0.5898,1.0152,1.0086,0.8078,0.9574,1.3555,0.927,1.0445,0.9887,0.9586,0.9148,1.0504,0.8922,0.9328,1.0953,0.9975,1.0395,1.0523,1.0695,0.9098,0.991
228,1.2461,1.0898,0.8652,0.9086,1.0078,1.0074,0.8555,0.977,0.9445,1.0387,0.8586,1.0148,0.9004,1.0922,1.1328,0.8953,1.0025,0.9895,0.9523,0.9695,0.9598,1.041
229,1.0961,0.8398,1.0902,1.0586,1.1078,1.0324,1.1055,0.952,0.9945,1.0137,0.8086,1.0648,1.1254,0.9922,1.0328,1.1953,1.005,1.0145,0.9023,1.0195,0.9348,1.016
230,0.7961,1.3398,0.9402,0.9586,0.9078,0.9824,0.6055,0.902,1.0945,0.9637,0.9086,0.9648,0.9754,1.1922,0.8328,0.9953,1.0,0.9645,1.0023,0.9195,0.9848,0.966
231,0.8336,0.6523,1.109,0.9211,1.1828,0.9887,1.293,0.9332,1.032,1.0074,0.9211,0.9773,0.9191,0.9672,1.1578,1.0703,1.0006,1.0332,1.0648,1.032,0.9035,1.0473
232,1.1336,1.1523,0.959,1.0211,0.9828,1.0387,0.793,0.9832,0.932,0.9574,0.8211,1.0773,1.0691,1.1672,0.9578,0.8703,0.9956,0.9832,0.9648,0.932,0.9535,0.9973
233,1.2836,0.9023,1.034,0.9711,0.8828,1.0137,1.043,0.9582,0.982,0.9824,0.8711,1.0273,0.9941,0.8672,0.8578,1.1703,0.9981,1.0082,0.9148,1.082,0.9285,0.9723
234,0.9836,1.4023,0.884,1.0711,1.0828,0.9637,0.543,0.9082,1.082,1.0324,0.9711,0.9273,1.1441,1.0672,1.0578,0.9703,1.0031,0.9582,1.0148,0.982,0.9785,1.0223
235,0.9086,0.7773,0.9965,1.0961,1.0328,0.9762,1.168,0.9707,0.957,0.9699,0.8961,0.9023,0.9566,1.1172,1.0078,0.9203,1.0043,0.9707,0.9398,1.007,0.916,1.0348
236,1.2086,1.2773,1.1465,0.9961,0.8328,1.0262,0.668,0.9207,1.057,1.0199,0.9961,1.0023,1.1066,0.9172,0.8078,1.1203,0.9993,1.0207,1.0398,0.907,0.966,0.9848
237,1.0586,0.5273,0.9215,1.0461,0.9328,1.0012,1.418,0.9457,1.007,1.0449,0.9461,1.0523,0.8816,1.0172,0.9078,0.8203,0.9968,0.9957,1.0898,1.057,0.941,0.9598
238,0.7586,1.0273,1.0715,0.9461,1.1328,0.9512,0.918,0.9957,0.907,0.9949,0.8461,0.9523,1.0316,0.8172,1.1078,1.0203,1.0018,1.0457,0.9898,0.957,0.991,1.0098
239,0.7398,0.5586,0.9496,1.0523,0.8703,1.0293,0.6992,0.9488,0.9258,1.0418,0.8398,0.9211,0.966,0.8797,0.9703,0.9328,1.0009,1.0113,1.0836,1.0883,0.9504,1.0129
240,1.0398,1.0586,1.0996,0.9523,1.0703,0.9793,1.1992,0.9988,1.0258,0.9918,0.9398,1.0211,1.116,1.0797,1.1703,1.1328,0.9959,0.9613,0.9836,0.9883,0.9004,0.9629
241,1.1898,0.8086,0.8746,1.0023,1.1703,0.9543,0.9492,0.9738,1.0758,0.9668,0.9898,1.0711,0.891,0.9797,1.0703,0.8328,0.9984,1.0363,0.9336,1.0383,0.9754,0.9879
242,0.8898,1.3086,1.0246,0.9023,0.9703,1.0043,1.4492,0.9238,0.9758,1.0168,0.8898,0.9711,1.041,1.1797,0.8703,1.0328,1.0034,0.9863,1.0336,0.9383,0.9254,1.0379
243,0.9648,0.9336,1.1371,0.9273,0.9203,1.0418,0.8242,0.9613,1.0508,0.9793,0.9648,0.9961,0.8535,1.0297,0.8203,1.0828,1.0046,0.9988,0.9086,1.0633,0.9629,1.0004
244,1.2648,1.4336,0.9871,1.0273,1.1203,0.9918,1.3242,0.9113,0.9508,1.0293,0.8648,1.0961,1.0035,0.8297,1.0203,0.8828,0.9996,1.0488,1.0086,0.9633,0.9129,0.9504
245,1.1148,0.6836,1.0621,0.9773,1.0203,0.9668,0.5742,0.9363,0.9008,1.0043,0.8148,1.0461,0.9285,1.1297,1.1203,1.1828,0.9971,0.9738,1.0586,1.0133,0.9879,0.9754
246,0.8148,1.1836,0.9121,1.0773,0.8203,1.0168,1.0742,0.9863,1.0008,0.9543,0.9148,0.9461,1.0785,0.9297,0.9203,0.9828,1.0021,1.0238,0.9586,0.9133,0.9379,1.0254
247,0.7773,0.8711,1.0434,1.0398,1.0953,1.0105,0.7617,0.9551,1.0633,1.023,0.9023,0.9086,1.0223,1.1047,1.0953,1.0578,0.9978,0.9801,0.9211,1.0258,0.9691,0.9566
248,1.0773,1.3711,0.8934,0.9398,0.8953,0.9605,1.2617,0.9051,0.9633,0.973,0.8023,1.0086,0.8723,0.9047,0.8953,0.8578,1.0028,1.0301,1.0211,0.9258,0.9191,1.0066
249,1.2273,0.6211,1.1184,1.0898,0.9953,0.9855,0.5117,0.9301,0.9133,0.998,0.8523,1.0586,1.0973,1.0047,0.9953,1.1578,1.0003,0.9551,1.0711,1.0758,0.9941,1.0316
250,0.9273,1.1211,0.9684,0.9898,1.1953,1.0355,1.0117,0.9801,1.0133,1.048,0.9523,0.9586,0.9473,0.8047,1.1953,0.9578,0.9953,1.0051,0.9711,0.9758,0.9441,0.9816
251,0.8523,0.7461,0.8559,0.9648,1.1453,1.023,0.6367,0.9426,0.9383,0.9605,0.8773,0.9836,1.1348,0.9547,1.1453,0.9078,0.9965,1.0176,1.0961,1.0008,0.9566,0.9691
252,1.1523,1.2461,1.0059,1.0648,0.9453,0.973,1.1367,0.9926,1.0383,1.0105,0.9773,1.0836,0.9848,1.1547,0.9453,1.1078,1.0015,0.9676,0.9961,0.9008,0.9066,1.0191
253,1.0023,0.9961,0.9309,0.9148,0.8453,0.998,0.8867,0.9676,1.0883,1.0355,0.9273,1.0336,1.0598,0.8547,0.8453,0.8078,1.004,1.0426,0.9461,1.0508,0.9816,1.0441
254,0.7023,1.4961,1.0809,1.0148,1.0453,1.048,1.3867,0.9176,0.9883,0.9855,0.8273,0.9336,0.9098,1.0547,1.0453,1.0078,0.999,0.9926,1.0461,0.9508,0.9316,0.9941
255,0.7035,0.998,1.0533,0.959,1.1117,0.9607,0.8652,0.9357,0.9574,0.9908,0.891,1.0996,0.9209,0.9289,1.0055,0.8508,1.0041,0.9674,0.9723,0.9754,0.9971,1.0225
256,1.0035,1.498,0.9033,1.059,0.9117,1.0107,1.3652,0.9857,1.0574,1.0408,0.991,0.9996,1.0709,1.1289,0.8055,1.0508,0.9991,1.0174,1.0723,1.0754,0.9471,0.9725
257,1.1535,0.748,1.1283,0.909,0.8117,1.0357,0.6152,0.9607,1.0074,1.0158,0.941,0.9496,0.9959,0.8289,0.9055,0.9508,0.9966,0.9924,1.0223,0.9254,0.9721,0.9975
258,0.8535,1.248,0.9783,1.009,1.0117,0.9857,1.1152,0.9107,0.9074,0.9658,0.841,1.0496,1.1459,1.0289,1.1055,1.1508,1.0016,1.0424,0.9223,1.0254,0.9221,1.0475
259,0.9285,0.623,0.8658,1.034,1.0617,0.9732,0.7402,0.9732,1.0324,1.0283,0.916,1.0246,0.9584,1.1789,1.1555,1.1008,1.0003,1.0299,1.0473,0.9504,0.9846,1.01
260,1.2285,1.123,1.0158,0.934,0.8617,1.0232,1.2402,0.9232,0.9324,0.9783,0.816,0.9246,1.1084,0.9789,0.9555,0.9008,0.9953,0.9799,0.9473,1.0504,0.9346,0.96
261,1.0785,0.873,0.9408,1.084,0.9617,1.0482,0.9902,0.9482,0.9824,0.9533,0.866,0.9746,0.8834,1.0789,0.8555,1.0008,0.9978,1.0049,0.9973,0.9004,0.9596,0.985
262,0.7785,1.373,1.0908,0.984,1.1617,0.9982,1.4902,0.9982,1.0824,1.0033,0.966,1.0746,1.0334,0.8789,1.0555,0.8008,1.0028,0.9549,1.0973,1.0004,0.9096,1.035
263,0.816,0.6855,0.9596,0.9465,0.9367,0.9795,0.6777,0.967,1.0449,0.9721,0.9535,1.0871,1.0896,1.0539,0.9305,1.1258,0.9972,1.0486,1.0348,0.9379,0.9783,0.9537
264,1.116,1.1855,1.1096,1.0465,1.1367,1.0295,1.1777,0.917,0.9449,1.0221,0.8535,0.9871,0.9396,0.8539,1.1305,0.9258,1.0022,0.9986,0.9348,1.0379,0.9283,1.0037
265,1.266,0.9355,0.8846,0.9965,1.0367,1.0045,0.9277,0.942,0.9949,1.0471,0.8035,0.9371,1.0146,1.1539,1.0305,1.0258,1.0047,1.0236,0.9848,0.9879,0.9533,1.0287
266,0.966,1.4355,1.0346,1.0965,0.8367,0.9545,1.4277,0.992,1.0949,0.9971,0.9035,1.0371,0.8646,0.9539,0.8305,0.8258,0.9997,0.9736,1.0848,1.0879,0.9033,0.9787
267,0.891,0.8105,1.1471,1.0715,0.8867,0.992,0.8027,0.9295,0.9699,1.0096,0.8285,1.0121,1.0521,0.8039,0.8805,0.8758,0.9985,0.9611,0.9598,0.9129,0.9908,0.9662
268,1.191,1.3105,0.9971,0.9715,1.0867,1.042,1.3027,0.9795,1.0699,0.9596,0.9285,0.9121,0.9021,1.0039,1.0805,1.0758,1.0035,1.0111,1.0598,1.0129,0.9408,1.0162
269,1.041,0.5605,1.0721,1.0215,1.1867,1.017,0.5527,0.9545,1.0199,0.9846,0.9785,0.9621,1.1271,0.9039,1.1805,0.9758,1.001,0.9861,1.0098,0.9629,0.9658,1.0412
270,0.741,1.0605,0.9221,0.9215,0.9867,0.967,1.0527,0.9045,0.9199,1.0346,0.8785,1.0621,0.9771,1.1039,0.9805,1.1758,0.996,1.0361,0.9098,1.0629,0.9158,0.9912
271,0.7598,0.5293,1.1002,1.0777,1.0242,1.0389,1.334,0.9514,0.9387,0.9752,0.8848,1.0184,1.024,1.1914,1.143,0.8633,0.9963,1.0205,1.016,0.9816,0.9252,0.9818
272,1.0598,1.0293,0.9502,0.9777,0.8242,0.9889,0.834,0.9014,1.0387,1.0252,0.9848,0.9184,0.874,0.9914,0.943,1.0633,1.0013,0.9705,0.916,1.0816,0.9752,1.0318
273,1.2098,0.7793,1.0252,1.0277,0.9242,0.9639,1.084,0.9264,1.0887,1.0002,0.9348,0.9684,1.099,1.0914,0.843,0.9633,1.0038,1.0455,0.966,0.9316,0.9002,1.0068
274,0.9098,1.2793,0.8752,0.9277,1.1242,1.0139,0.584,0.9764,0.9887,0.9502,0.8348,1.0684,0.949,0.8914,1.043,1.1633,0.9988,0.9955,1.066,1.0316,0.9502,0.9568
275,0.9848,0.9043,0.9877,0.9027,1.1742,1.0264,1.209,0.9389,1.0637,1.0377,0.9098,1.0934,1.1365,0.9414,1.093,1.1133,0.9975,0.983,0.991,0.9566,0.9377,0.9943
276,1.2848,1.4043,1.1377,1.0027,0.9742,0.9764,0.709,0.9889,0.9637,0.9877,0.8098,0.9934,0.9865,1.1414,0.893,0.9133,1.0025,1.033,1.091,1.0566,0.9877,1.0443
277,1.1348,0.6543,0.9127,0.9527,0.8742,0.9514,1.459,0.9639,0.9137,0.9627,0.8598,0.9434,1.0615,0.8414,0.993,1.0133,1.0,0.958,1.041,0.9066,0.9127,1.0193
278,0.8348,1.1543,1.0627,1.0527,1.0742,1.0014,0.959,0.9139,1.0137,1.0127,0.9598,1.0434,0.9115,1.0414,1.193,0.8133,0.995,1.008,0.941,1.0066,0.9627,0.9693
279,0.7973,0.8418,0.8939,1.0152,0.8492,1.0201,1.1465,0.9451,1.0512,0.9564,0.9723,1.0059,0.9678,0.8164,0.818,1.1383,1.0044,0.9893,0.9785,0.9441,0.9439,1.0381
280,1.0973,1.3418,1.0439,0.9152,1.0492,0.9701,0.6465,0.9951,0.9512,1.0064,0.8723,0.9059,1.1178,1.0164,1.018,0.9383,0.9994,1.0393,1.0785,1.0441,0.9939,0.9881
281,1.2473,0.5918,0.9689,1.0652,1.1492,0.9951,1.3965,0.9701,0.9012,1.0314,0.8223,0.9559,0.8928,0.9164,1.118,1.0383,0.9969,0.9643,1.0285,0.9941,0.9189,0.9631
282,0.9473,1.0918,1.1189,0.9652,0.9492,1.0451,0.8965,0.9201,1.0012,0.9814,0.9223,1.0559,1.0428,1.1164,0.918,0.8383,1.0019,1.0143,0.9285,1.0941,0.9689,1.0131
283,0.8723,0.7168,1.0064,0.9902,0.9992,1.0076,1.2715,0.9576,0.9262,1.0189,0.8473,1.0809,0.8553,1.0664,0.968,0.8883,1.0006,1.0018,1.0035,0.9191,0.9314,1.0256
284,1.1723,1.2168,0.8564,1.0902,1.1992,0.9576,0.7715,0.9076,1.0262,0.9689,0.9473,0.9809,1.0053,0.8664,1.168,1.0883,0.9956,0.9518,0.9035,1.0191,0.9814,0.9756
285,1.0223,0.9668,1.0814,0.9402,1.0992,0.9826,1.0215,0.9326,1.0762,0.9939,0.9973,0.9309,0.9303,1.1664,1.068,0.9883,0.9981,1.0268,0.9535,0.9691,0.9064,0.9506
286,0.7223,1.4668,0.9314,1.0402,0.8992,1.0326,0.5215,0.9826,0.9762,1.0439,0.8973,1.0309,1.0803,0.9664,0.868,1.1883,1.0031,0.9768,1.0535,1.0691,0.9564,1.0006
287,0.7316,0.7324,0.8799,1.0559,1.1555,1.0467,1.0684,0.9967,1.0418,0.9893,0.8129,0.909,0.935,1.0727,0.9992,0.8945,1.0027,0.9627,0.9379,1.0785,0.9674,0.9553
288,1.0316,1.2324,1.0299,0.9559,0.9555,0.9967,0.5684,0.9467,0.9418,1.0393,0.9129,1.009,1.085,0.8727,1.1992,1.0945,0.9977,1.0127,1.0379,0.9785,0.9174,1.0053
289,1.1816,0.9824,0.9549,1.0059,0.8555,0.9717,1.3184,0.9217,0.9918,1.0143,0.9629,1.059,0.86,1.1727,1.0992,0.9945,0.9952,0.9877,1.0879,1.0285,0.9924,1.0303
290,0.8816,1.4824,1.1049,0.9059,1.0555,1.0217,0.8184,0.9717,1.0918,0.9643,0.8629,0.959,1.01,0.9727,0.8992,1.1945,1.0002,1.0377,0.9879,0.9285,0.9424,0.9803
291,0.9566,0.8574,1.0674,0.9309,1.0055,1.0342,1.4434,0.9092,0.9668,1.0268,0.9879,0.984,0.8975,0.8227,0.8492,1.1445,1.0014,1.0252,1.0629,1.0535,0.9549,0.9678
292,1.2566,1.3574,0.9174,1.0309,0.8055,0.9842,0.9434,0.9592,1.0668,0.9768,0.8879,1.084,1.0475,1.0227,1.0492,0.9445,0.9964,0.9752,0.9629,0.9535,0.9049,1.0178
293,1.1066,0.6074,1.1424,0.9809,0.9055,0.9592,1.1934,0.9842,1.0168,0.9518,0.8379,1.034,0.9725,0.9227,1.1492,1.0445,0.9989,1.0002,0.9129,1.0035,0.9799,1.0428
294,0.8066,1.1074,0.9924,1.0809,1.1055,1.0092,0.6934,0.9342,0.9168,1.0018,0.9379,0.934,1.1225,1.1227,0.9492,0.8445,1.0039,0.9502,1.0129,0.9035,0.9299,0.9928
295,0.8441,0.9199,1.1236,1.0434,0.9805,1.0154,1.3809,0.9029,0.9543,0.9705,0.9254,0.9215,1.0662,0.9477,1.0742,1.1195,0.9958,1.0439,1.0504,1.041,0.9611,1.024
296,1.1441,1.4199,0.9736,0.9434,1.1805,0.9654,0.8809,0.9529,1.0543,1.0205,0.8254,1.0215,0.9162,1.1477,0.8742,0.9195,1.0008,0.9939,0.9504,0.941,0.9111,0.974
297,1.2941,0.6699,1.0486,1.0934,1.0805,0.9904,1.1309,0.9779,1.0043,1.0455,0.8754,1.0715,1.1412,0.8477,0.9742,1.0195,1.0033,1.0189,0.9004,1.091,0.9861,0.999
298,0.9941,1.1699,0.8986,0.9934,0.8805,1.0404,0.6309,0.9279,0.9043,0.9955,0.9754,0.9715,0.9912,1.0477,1.1742,0.8195,0.9983,0.9689,1.0004,0.991,0.9361,1.049
299,0.9191,0.5449,0.9361,0.9684,0.8305,1.0029,1.0059,0.9904,1.0293,1.008,0.8504,0.9965,1.1037,1.1977,1.1242,0.8695,0.9996,0.9564,0.9254,1.016,0.9736,1.0115
300,1.2191,1.0449,1.0861,1.0684,1.0305,0.9529,0.5059,0.9404,0.9293,0.958,0.9504,1.0965,0.9537,0.9977,0.9242,1.0695,1.0046,1.0064,1.0254,0.916,0.9236,0.9615
301,1.0691,0.7949,0.8611,0.9184,1.1305,0.9779,1.2559,0.9154,0.9793,0.983,0.9004,1.0465,1.0287,1.0977,0.8242,0.9695,1.0021,0.9814,1.0754,1.066,0.9986,0.9865
302,0.7691,1.2949,1.0111,1.0184,0.9305,1.0279,0.7559,0.9654,1.0793,1.033,0.8004,0.9465,0.8787,0.8977,1.0242,1.1695,0.9971,1.0314,0.9754,0.966,0.9486,1.0365
303,0.7504,0.7637,0.9643,0.9871,1.068,0.9561,0.5996,0.9186,1.0605,0.9799,0.8066,0.9777,1.1131,0.8102,0.8617,0.882,0.9955,1.0221,1.0941,1.0848,0.908,1.0396
304,1.0504,1.2637,1.1143,1.0871,0.868,1.0061,1.0996,0.9686,0.9605,1.0299,0.9066,1.0777,0.9631,1.0102,1.0617,1.082,1.0005,0.9721,0.9941,0.9848,0.958,0.9896
305,1.2004,0.5137,0.8893,0.9371,0.968,1.0311,0.8496,0.9936,0.9105,1.0049,0.9566,1.0277,1.0381,0.9102,1.1617,0.982,1.003,1.0471,0.9441,1.0348,0.933,0.9646
306,0.9004,1.0137,1.0393,1.0371,1.168,0.9811,1.3496,0.9436,1.0105,0.9549,0.8566,0.9277,0.8881,1.1102,0.9617,1.182,0.998,0.9971,1.0441,0.9348,0.983,1.0146
307,0.9754,0.6387,1.0768,1.0121,1.118,0.9686,0.9746,0.9811,0.9355,1.0424,0.9816,0.9027,1.0006,1.0602,0.9117,1.132,0.9992,0.9846,0.9191,1.0598,0.9205,1.0271
308,1.2754,1.1387,0.9268,0.9121,0.918,1.0186,1.4746,0.9311,1.0355,0.9924,0.8816,1.0027,0.8506,0.8602,1.1117,0.932,1.0042,1.0346,1.0191,0.9598,0.9705,0.9771
309,1.1254,0.8887,1.0018,1.0621,0.818,1.0436,0.7246,0.9061,1.0855,0.9674,0.8316,1.0527,1.0756,1.1602,1.0117,1.032,1.0017,0.9596,1.0691,1.0098,0.9455,0.9521
310,0.8254,1.3887,0.8518,0.9621,1.018,0.9936,1.2246,0.9561,0.9855,1.0174,0.9316,0.9527,0.9256,0.9602,0.8117,0.832,0.9967,1.0096,0.9691,0.9098,0.9955,1.0021
311,0.7879,0.5762,1.0205,0.9246,0.893,0.9873,0.9121,0.9873,0.948,0.9611,0.9441,0.9902,0.8693,1.1852,1.1867,1.107,1.0036,0.9908,0.9066,1.0473,0.9143,0.9834
312,1.0879,1.0762,0.8705,1.0246,1.093,1.0373,1.4121,0.9373,1.048,1.0111,0.8441,1.0902,1.0193,0.9852,0.9867,0.907,0.9986,1.0408,1.0066,0.9473,0.9643,1.0334
313,1.2379,0.8262,1.0955,0.9746,1.193,1.0123,0.6621,0.9123,1.098,1.0361,0.8941,1.0402,0.9443,1.0852,0.8867,1.007,0.9961,0.9658,1.0566,1.0973,0.9393,1.0084
314,0.9379,1.3262,0.9455,1.0746,0.993,0.9623,1.1621,0.9623,0.998,0.9861,0.9941,0.9402,1.0943,0.8852,1.0867,0.807,1.0011,1.0158,0.9566,0.9973,0.9893,0.9584
315,0.8629,0.9512,0.908,1.0996,0.943,0.9998,0.5371,0.9248,1.073,1.0236,0.8691,0.9152,0.9818,0.9352,1.0367,0.857,1.0024,1.0033,1.0816,1.0223,0.9018,0.9959
316,1.1629,1.4512,1.058,0.9996,1.143,1.0498,1.0371,0.9748,0.973,0.9736,0.9691,1.0152,1.1318,1.1352,0.8367,1.057,0.9974,0.9533,0.9816,0.9223,0.9518,1.0459
317,1.0129,0.7012,0.983,1.0496,1.043,1.0248,0.7871,0.9998,0.923,0.9986,0.9191,1.0652,0.9068,0.8352,0.9367,0.957,0.9999,1.0283,0.9316,1.0723,0.9268,1.0209
318,0.7129,1.2012,1.133,0.9496,0.843,0.9748,1.2871,0.9498,1.023,1.0486,0.8191,0.9652,1.0568,1.0352,1.1367,1.157,1.0049,0.9783,1.0316,0.9723,0.9768,0.9709
319,0.7176,0.5996,0.9994,1.023,0.9523,0.9912,1.4668,0.9428,1.0934,0.9963,0.9051,1.0543,0.9467,1.132,0.9211,1.0539,0.9954,0.9994,0.9051,1.0145,0.9307,0.9795
320,1.0176,1.0996,1.1494,0.923,1.1523,1.0412,0.9668,0.9928,0.9934,1.0463,0.8051,0.9543,1.0967,0.932,1.1211,0.8539,1.0004,1.0494,1.0051,0.9145,0.9807,1.0295
321,1.1676,0.8496,0.9244,1.073,1.0523,1.0162,1.2168,0.9678,0.9434,1.0213,0.8551,0.9043,0.8717,1.032,1.0211,1.1539,1.0029,0.9744,1.0551,1.0645,0.9057,1.0045
322,0.8676,1.3496,1.0744,0.973,0.8523,0.9662,0.7168,0.9178,1.0434,0.9713,0.9551,1.0043,1.0217,0.832,0.8211,0.9539,0.9979,1.0244,0.9551,0.9645,0.9557,0.9545
323,0.9426,0.9746,1.1119,0.998,0.8023,0.9787,1.0918,0.9553,0.9184,1.0338,0.8801,1.0293,0.9092,0.982,0.8711,0.9039,0.9992,1.0119,1.0801,1.0395,0.9432,0.992
324,1.2426,1.4746,0.9619,1.098,1.0023,1.0287,0.5918,0.9053,1.0184,0.9838,0.9801,0.9293,1.0592,1.182,1.0711,1.1039,1.0042,0.9619,0.9801,0.9395,0.9932,1.042
325,1.0926,0.7246,1.0369,0.948,1.1023,1.0037,1.3418,0.9303,1.0684,0.9588,0.9301,0.9793,0.9842,0.882,1.1711,0.8039,1.0017,1.0369,0.9301,1.0895,0.9182,1.017
326,0.7926,1.2246,0.8869,1.048,0.9023,0.9537,0.8418,0.9803,0.9684,1.0088,0.8301,1.0793,1.1342,1.082,0.9711,1.0039,0.9967,0.9869,1.0301,0.9895,0.9682,0.967
327,0.8301,0.7871,1.0182,1.0855,1.1773,0.9725,1.0293,0.9615,0.9059,0.965,0.8426,1.0668,1.0404,0.857,1.0461,0.9289,1.0035,1.0182,1.0926,1.052,0.9494,1.0482
328,1.1301,1.2871,0.8682,0.9855,0.9773,1.0225,0.5293,0.9115,1.0059,1.015,0.9426,0.9668,0.8904,1.057,0.8461,1.1289,0.9985,0.9682,0.9926,0.952,0.9994,0.9982
329,1.2801,0.5371,1.0932,1.0355,0.8773,1.0475,1.2793,0.9365,1.0559,1.04,0.9926,0.9168,1.1154,0.957,0.9461,0.8289,0.996,1.0432,0.9426,1.002,0.9244,0.9732
330,0.9801,1.0371,0.9432,0.9355,1.0773,0.9975,0.7793,0.9865,0.9559,0.99,0.8926,1.0168,0.9654,1.157,1.1461,1.0289,1.001,0.9932,1.0426,0.902,0.9744,1.0232
331,0.9051,0.6621,0.9057,0.9105,1.0273,0.96,1.4043,0.949,1.0809,1.0025,0.9676,1.0418,1.0779,1.007,1.1961,1.0789,1.0023,0.9807,0.9176,1.077,0.9369,1.0357
332,1.2051,1.1621,1.0557,1.0105,0.8273,1.01,0.9043,0.999,0.9809,0.9525,0.8676,0.9418,0.9279,0.807,0.9961,0.8789,0.9973,1.0307,1.0176,0.977,0.9869,0.9857
333,1.0551,0.9121,0.9807,0.9605,0.9273,1.035,1.1543,0.974,0.9309,0.9775,0.8176,0.9918,1.0029,1.107,0.8961,1.1789,0.9998,0.9557,1.0676,1.027,0.9119,0.9607
334,0.7551,1.4121,1.1307,1.0605,1.1273,0.985,0.6543,0.924,1.0309,1.0275,0.9176,1.0918,0.8529,0.907,1.0961,0.9789,1.0048,1.0057,0.9676,0.927,0.9619,1.0107
335,0.7738,0.8809,0.8588,0.9418,0.8648,1.0068,0.998,0.9709,1.0121,0.9869,0.9238,1.0355,1.1436,0.9945,0.8336,1.0664,1.0026,1.04,1.0613,1.0207,0.9963,1.0139
336,1.0738,1.3809,1.0088,1.0418,1.0648,0.9568,1.498,0.9209,0.9121,1.0369,0.8238,0.9355,0.9936,1.1945,1.0336,0.8664,0.9976,0.99,0.9613,0.9207,0.9463,0.9639
337,1.2238,0.6309,0.9338,0.9918,1.1648,0.9818,0.748,0.9459,0.9621,1.0119,0.8738,0.9855,1.0686,0.8945,1.1336,1.1664,0.9951,1.015,0.9113,1.0707,0.9713,0.9889
338,0.9238,1.1309,1.0838,1.0918,0.9648,1.0318,1.248,0.9959,1.0621,0.9619,0.9738,1.0855,0.9186,1.0945,0.9336,0.9664,1.0001,0.965,1.0113,0.9707,0.9213,1.0389
339,0.9988,0.5059,1.0463,1.0668,0.9148,1.0193,0.623,0.9334,0.9871,1.0494,0.8988,1.0605,1.0311,1.1445,0.9836,0.9164,1.0013,0.9525,0.9363,1.0457,0.9838,1.0014
340,1.2988,1.0059,0.8963,0.9668,1.1148,0.9693,1.123,0.9834,1.0871,0.9994,0.9988,0.9605,0.8811,0.9445,1.1836,1.1164,0.9963,1.0025,1.0363,0.9457,0.9338,0.9514
341,1.1488,0.7559,1.1213,1.0168,1.0148,0.9943,0.873,0.9584,1.0371,0.9744,0.9488,0.9105,1.1061,1.0445,1.0836,0.8164,0.9988,0.9775,1.0863,1.0957,0.9588,0.9764
342,0.8488,1.2559,0.9713,0.9168,0.8148,1.0443,1.373,0.9084,0.9371,1.0244,0.8488,1.0105,0.9561,0.8445,0.8836,1.0164,1.0038,1.0275,0.9863,0.9957,0.9088,1.0264
343,0.8113,0.6934,1.14,0.9543,1.0898,1.0256,0.5605,0.9271,0.9996,0.9557,0.8363,1.048,0.8623,1.0195,1.1086,0.9414,0.9957,0.9713,0.9488,1.0582,0.9775,0.9576
344,1.1113,1.1934,0.99,1.0543,0.8898,0.9756,1.0605,0.9771,1.0996,1.0057,0.9363,0.948,1.0123,0.8195,0.9086,1.1414,1.0007,1.0213,1.0488,0.9582,0.9275,1.0076
345,1.2613,0.9434,1.065,0.9043,0.9898,0.9506,0.8105,0.9521,1.0496,1.0307,0.9863,0.998,0.9373,1.1195,0.8086,0.8414,1.0032,0.9963,1.0988,1.0082,0.9525,1.0326
346,0.9613,1.4434,0.915,1.0043,1.1898,1.0006,1.3105,0.9021,0.9496,0.9807,0.8863,1.098,1.0873,0.9195,1.0086,1.0414,0.9982,1.0463,0.9988,0.9082,0.9025,0.9826
347,0.8863,0.8184,0.9525,1.0293,1.1398,1.0381,0.9355,0.9646,1.0246,1.0182,0.9613,1.073,0.9748,0.8695,1.0586,1.0914,0.9995,1.0338,1.0738,1.0832,0.99,0.9701
348,1.1863,1.3184,1.1025,0.9293,0.9398,0.9881,1.4355,0.9146,0.9246,0.9682,0.8613,0.973,1.1248,1.0695,0.8586,0.8914,1.0045,0.9838,0.9738,0.9832,0.94,1.0201
349,1.0363,0.5684,0.8775,1.0793,0.8398,0.9631,0.6855,0.9396,0.9746,0.9932,0.8113,0.923,0.8998,0.9695,0.9586,1.1914,1.002,1.0088,0.9238,1.0332,0.965,1.0451
350,0.7363,1.0684,1.0275,0.9793,1.0398,1.0131,1.1855,0.9896,1.0746,1.0432,0.9113,1.023,1.0498,1.1695,1.1586,0.9914,0.997,0.9588,1.0238,0.9332,0.915,0.9951
351,0.727,0.8652,1.0885,0.9137,0.9086,1.0021,0.7324,0.9756,0.909,0.9979,0.977,0.9387,0.8951,0.8633,1.0773,1.0977,0.9965,0.9947,0.9832,0.9176,0.9104,1.0498
352,1.027,1.3652,0.9385,1.0137,1.1086,0.9521,1.2324,0.9256,1.009,1.0479,0.877,1.0387,1.0451,1.0633,0.8773,0.8977,1.0015,1.0447,1.0832,1.0176,0.9604,0.9998
353,1.177,0.6152,1.0135,0.9637,1.0086,0.9771,0.9824,0.9006,1.059,1.0229,0.827,1.0887,0.9701,0.9633,0.9773,1.1977,1.004,0.9697,1.0332,0.9676,0.9354,0.9748
354,0.877,1.1152,0.8635,1.0637,0.8086,1.0271,1.4824,0.9506,0.959,0.9729,0.927,0.9887,1.1201,1.1633,1.1773,0.9977,0.999,1.0197,0.9332,1.0676,0.9854,1.0248
355,0.952,0.7402,0.976,1.0887,0.8586,1.0146,0.8574,0.9131,1.084,1.0354,0.802,0.9637,0.9326,1.0133,1.1273,0.9477,0.9978,1.0072,1.0082,0.9426,0.9229,1.0373
356,1.252,1.2402,1.126,0.9887,1.0586,0.9646,1.3574,0.9631,0.984,0.9854,0.902,1.0637,1.0826,0.8133,0.9273,1.1477,1.0028,0.9572,0.9082,1.0426,0.9729,0.9873
357,1.102,0.9902,0.901,1.0387,1.1586,0.9896,0.6074,0.9881,0.934,0.9604,0.952,1.0137,0.8576,1.1133,0.8273,0.8477,1.0003,1.0322,0.9582,0.9926,0.9479,0.9623
358,0.802,1.4902,1.051,0.9387,0.9586,1.0396,1.1074,0.9381,1.034,1.0104,0.852,0.9137,1.0076,0.9133,1.0273,1.0477,0.9953,0.9822,1.0582,1.0926,0.9979,1.0123
359,0.8395,0.5527,0.9197,0.9762,1.1336,1.0334,0.7949,0.9193,1.0965,0.9666,0.8645,0.9262,1.1014,1.1383,0.9523,0.9227,1.0046,1.0135,1.0207,0.9551,0.9166,0.9811
360,1.1395,1.0527,1.0697,1.0762,0.9336,0.9834,1.2949,0.9693,0.9965,1.0166,0.9645,1.0262,0.9514,0.9383,1.1523,1.1227,0.9996,0.9635,0.9207,1.0551,0.9666,1.0311
361,1.2895,0.8027,0.9947,0.9262,0.8336,0.9584,0.5449,0.9943,0.9465,1.0416,0.9145,1.0762,1.0264,1.0383,1.0523,0.8227,0.9971,1.0385,0.9707,0.9051,0.9416,1.0061
362,0.9895,1.3027,1.1447,1.0262,1.0336,1.0084,1.0449,0.9443,1.0465,0.9916,0.8145,0.9762,0.8764,0.8383,0.8523,1.0227,1.0021,0.9885,1.0707,1.0051,0.9916,0.9561
363,0.9145,0.9277,1.0322,1.0012,1.0836,1.0459,0.6699,0.9818,0.9215,1.0041,0.9395,0.9512,1.0639,0.9883,0.8023,1.0727,1.0009,0.976,0.9957,0.9801,0.9041,0.9936
364,1.2145,1.4277,0.8822,0.9012,0.8836,0.9959,1.1699,0.9318,1.0215,0.9541,0.8395,1.0512,0.9139,1.1883,1.0023,0.8727,0.9959,1.026,1.0957,1.0801,0.9541,1.0436
365,1.0645,0.6777,1.1072,1.0512,0.9836,0.9709,0.9199,0.9068,1.0715,0.9791,0.8895,1.0012,1.1389,0.8883,1.1023,1.1727,0.9984,0.951,1.0457,0.9301,0.9291,1.0186
366,0.7645,1.1777,0.9572,0.9512,1.1836,1.0209,1.4199,0.9568,0.9715,1.0291,0.9895,0.9012,0.9889,1.0883,0.9023,0.9727,1.0034,1.001,0.9457,1.0301,0.9791,0.9686
367,0.7457,0.6465,1.0604,1.0449,0.8211,0.999,1.2012,0.91,0.9902,0.9822,0.9957,0.9699,1.017,1.0008,1.1648,1.0852,1.0043,1.0416,1.027,0.9238,0.9635,0.9592
368,1.0457,1.1465,0.9104,0.9449,1.0211,1.049,0.7012,0.96,1.0902,1.0322,0.8957,1.0699,0.867,0.8008,0.9648,0.8852,0.9993,0.9916,0.927,1.0238,0.9135,1.0092
369,1.1957,0.8965,1.1354,1.0949,1.1211,1.024,1.4512,0.985,1.0402,1.0072,0.8457,1.0199,1.092,1.1008,0.8648,1.1852,0.9968,1.0166,0.977,0.9738,0.9885,1.0342
370,0.8957,1.3965,0.9854,0.9949,0.9211,0.974,0.9512,0.935,0.9402,0.9572,0.9457,0.9199,0.942,0.9008,1.0648,0.9852,1.0018,0.9666,1.077,1.0738,0.9385,0.9842
371,0.9707,0.7715,0.8729,0.9699,0.9711,0.9865,1.3262,0.9975,1.0152,1.0447,0.8207,0.9449,1.1295,0.8508,1.0148,0.9352,1.0006,0.9541,0.952,0.9488,0.951,0.9717
372,1.2707,1.2715,1.0229,1.0699,1.1711,1.0365,0.8262,0.9475,0.9152,0.9947,0.9207,1.0449,0.9795,1.0508,0.8148,1.1352,0.9956,1.0041,1.052,1.0488,0.901,1.0217
373,1.1207,0.5215,0.9479,0.9199,1.0711,1.0115,1.0762,0.9225,0.9652,0.9697,0.9707,1.0949,1.0545,0.9508,0.9148,0.8352,0.9981,0.9791,1.002,0.9988,0.976,1.0467
374,0.8207,1.0215,1.0979,1.0199,0.8711,0.9615,0.5762,0.9725,1.0652,1.0197,0.8707,0.9949,0.9045,1.1508,1.1148,1.0352,1.0031,1.0291,0.902,1.0988,0.926,0.9967
375,0.7832,0.959,0.9291,1.0574,1.0461,0.9678,1.2637,0.9912,1.0027,0.951,0.8582,0.9574,0.9982,0.9758,0.8898,0.9102,0.9974,0.9729,0.9645,0.9613,0.9572,1.0154
376,1.0832,1.459,1.0791,0.9574,0.8461,1.0178,0.7637,0.9412,0.9027,1.001,0.9582,1.0574,1.1482,1.1758,1.0898,1.1102,1.0024,1.0229,1.0645,1.0613,0.9072,0.9654
377,1.2332,0.709,0.8541,1.0074,0.9461,1.0428,1.0137,0.9162,0.9527,1.026,0.9082,1.0074,0.9232,0.8758,1.1898,0.8102,1.0049,0.9979,1.0145,0.9113,0.9822,0.9904
378,0.9332,1.209,1.0041,0.9074,1.1461,0.9928,0.5137,0.9662,1.0527,0.976,0.8082,0.9074,1.0732,1.0758,0.9898,1.0102,0.9999,1.0479,0.9145,1.0113,0.9322,1.0404
379,0.8582,0.584,1.1166,0.9324,1.1961,0.9553,1.1387,0.9037,0.9777,1.0135,0.9332,0.9324,0.8857,1.1258,0.9398,1.0602,0.9987,1.0354,1.0395,0.9863,0.9697,1.0029
380,1.1582,1.084,0.9666,1.0324,0.9961,1.0053,0.6387,0.9537,1.0777,0.9635,0.8332,1.0324,1.0357,0.9258,1.1398,0.8602,1.0037,0.9854,0.9395,1.0863,0.9197,0.9529
381,1.0082,0.834,1.0416,0.9824,0.8961,1.0303,1.3887,0.9787,1.0277,0.9885,0.8832,1.0824,0.9607,1.0258,1.0398,1.1602,1.0012,1.0104,0.9895,0.9363,0.9947,0.9779
382,0.7082,1.334,0.8916,1.0824,1.0961,0.9803,0.8887,0.9287,0.9277,1.0385,0.9832,0.9824,1.1107,0.8258,0.8398,0.9602,0.9962,0.9604,1.0895,1.0363,0.9447,1.0279
383,0.7059,0.666,1.1201,0.9957,0.8508,1.0213,1.002,0.9393,0.9645,1.0225,0.9574,0.952,1.1283,1.0805,1.007,1.1555,0.9997,0.9967,0.9574,1.0871,0.9139,1.0213
384,1.0059,1.166,0.9701,1.0957,1.0508,0.9713,0.502,0.9893,1.0645,0.9725,0.8574,1.052,0.9783,0.8805,0.807,0.9555,1.0047,1.0467,1.0574,0.9871,0.9639,0.9713
385,1.1559,0.916,1.0451,0.9457,1.1508,0.9963,1.252,0.9643,1.0145,0.9975,0.8074,1.002,1.0533,1.1805,0.907,1.0555,1.0022,0.9717,1.0074,1.0371,0.9389,0.9963
386,0.8559,1.416,0.8951,1.0457,0.9508,1.0463,0.752,0.9143,0.9145,1.0475,0.9074,0.902,0.9033,0.9805,1.107,0.8555,0.9972,1.0217,0.9074,0.9371,0.9889,1.0463
387,0.9309,0.791,0.9326,1.0207,0.9008,1.0088,1.377,0.9518,1.0395,0.96,0.8324,0.927,1.0158,0.8305,1.157,0.8055,0.996,1.0092,1.0324,1.0621,0.9014,1.0088
388,1.2309,1.291,1.0826,0.9207,1.1008,0.9588,0.877,0.9018,0.9395,1.01,0.9324,1.027,0.8658,1.0305,0.957,1.0055,1.001,0.9592,0.9324,0.9621,0.9514,0.9588
389,1.0809,0.541,0.8576,1.0707,1.0008,0.9838,1.127,0.9268,0.9895,1.035,0.9824,1.077,1.0908,0.9305,0.857,0.9055,1.0035,1.0342,0.9824,1.0121,0.9264,0.9838
390,0.7809,1.041,1.0076,0.9707,0.8008,1.0338,0.627,0.9768,1.0895,0.985,0.8824,0.977,0.9408,1.1305,1.057,1.1055,0.9985,0.9842,1.0824,0.9121,0.9764,1.0338
391,0.8184,0.9785,0.8764,0.9082,1.0758,1.04,1.4395,0.958,1.027,1.0412,0.8949,0.9645,0.8846,0.9055,0.932,0.8305,1.0016,1.0154,1.0449,1.0496,0.9076,0.9525
392,1.1184,1.4785,1.0264,1.0082,0.8758,0.99,0.9395,0.908,0.927,0.9912,0.9949,1.0645,1.0346,1.1055,1.132,1.0305,0.9966,0.9654,0.9449,0.9496,0.9576,1.0025
393,1.2684,0.7285,0.9514,0.9582,0.9758,0.965,1.1895,0.933,0.977,0.9662,0.9449,1.0145,0.9596,0.8055,1.032,0.9305,0.9991,1.0404,0.9949,1.0996,0.9326,1.0275
394,0.9684,1.2285,1.1014,1.0582,1.1758,1.015,0.6895,0.983,1.077,1.0162,0.8449,0.9145,1.1096,1.0055,0.832,1.1305,1.0041,0.9904,1.0949,0.9996,0.9826,0.9775
395,0.8934,0.6035,1.0639,1.0832,1.1258,1.0275,1.0645,0.9455,0.952,0.9787,0.9199,0.9395,0.9971,1.1555,0.882,1.1805,1.0029,0.9779,0.9699,1.0246,0.9201,0.965
396,1.1934,1.1035,0.9139,0.9832,0.9258,0.9775,0.5645,0.9955,1.052,1.0287,0.8199,1.0395,1.1471,0.9555,1.082,0.9805,0.9979,1.0279,1.0699,0.9246,0.9701,1.015
397,1.0434,0.8535,1.1389,1.0332,0.8258,0.9525,1.3145,0.9705,1.002,1.0037,0.8699,1.0895,0.9221,1.0555,1.182,1.0805,0.9954,0.9529,1.0199,1.0746,0.9451,1.04
398,0.7434,1.3535,0.9889,0.9332,1.0258,1.0025,0.8145,0.9205,0.902,0.9537,0.9699,0.9895,1.0721,0.8555,0.982,0.8805,1.0004,1.0029,0.9199,0.9746,0.9951,0.99
399,0.7621,0.8223,1.0357,1.0645,0.9633,0.9807,0.5332,0.9736,0.9332,1.0068,0.9637,0.9332,0.9314,0.843,1.1445,1.168,1.0019,1.0436,1.0012,1.0809,0.9607,0.9869
400,1.0621,1.3223,0.8857,0.9645,1.1633,1.0307,1.0332,0.9236,1.0332,0.9568,0.8637,1.0332,1.0814,1.043,0.9445,0.968,0.9969,0.9936,0.9012,0.9809,0.9107,1.0369
401,1.2121,0.5723,1.1107,1.0145,1.0633,1.0057,0.7832,0.9486,1.0832,0.9818,0.8137,1.0832,0.8564,0.943,0.8445,1.068,0.9994,1.0186,0.9512,1.0309,0.9857,1.0119
402,0.9121,1.0723,0.9607,0.9145,0.8633,0.9557,1.2832,0.9986,0.9832,1.0318,0.9137,0.9832,1.0064,1.143,1.0445,0.868,1.0044,0.9686,1.0512,0.9309,0.9357,0.9619
403,0.9871,0.6973,0.9232,0.9395,0.8133,0.9932,0.9082,0.9361,1.0582,0.9693,0.8387,0.9582,0.8939,1.093,1.0945,0.818,1.0032,0.9561,0.9762,1.0559,0.9732,0.9994
404,1.2871,1.1973,1.0732,1.0395,1.0133,1.0432,1.4082,0.9861,0.9582,1.0193,0.9387,1.0582,1.0439,0.893,0.8945,1.018,0.9982,1.0061,1.0762,0.9559,0.9232,1.0494
405,1.1371,0.9473,0.9982,0.9895,1.1133,1.0182,0.6582,0.9611,0.9082,1.0443,0.9887,1.0082,0.9689,1.193,0.9945,0.918,0.9957,0.9811,1.0262,1.0059,0.9982,1.0244
406,0.8371,1.4473,1.1482,1.0895,0.9133,0.9682,1.1582,0.9111,1.0082,0.9943,0.8887,0.9082,1.1189,0.993,1.1945,1.118,1.0007,1.0311,0.9262,0.9059,0.9482,0.9744
407,0.7996,0.5098,0.9795,1.027,1.1883,0.9619,0.9707,0.9299,1.0707,1.0256,0.8762,0.9457,1.0627,1.168,0.8195,0.843,0.9988,0.9748,0.9887,1.0434,0.967,1.0432
408,1.0996,1.0098,1.1295,0.927,0.9883,1.0119,1.4707,0.9799,0.9707,0.9756,0.9762,1.0457,0.9127,0.968,1.0195,1.043,1.0038,1.0248,1.0887,0.9434,0.917,0.9932
409,1.2496,0.7598,0.9045,1.077,0.8883,1.0369,0.7207,0.9549,0.9207,0.9506,0.9262,1.0957,1.1377,1.068,1.1195,0.943,1.0013,0.9998,1.0387,1.0934,0.992,0.9682
410,0.9496,1.2598,1.0545,0.977,1.0883,0.9869,1.2207,0.9049,1.0207,1.0006,0.8262,0.9957,0.9877,0.868,0.9195,1.143,0.9963,1.0498,0.9387,0.9934,0.942,1.0182
411,0.8746,0.8848,1.092,0.952,1.0383,0.9744,0.5957,0.9674,0.9457,0.9881,0.9012,0.9707,1.1002,0.918,0.9695,1.193,0.9951,1.0373,1.0137,1.0184,0.9545,1.0307
412,1.1746,1.3848,0.942,1.052,0.8383,1.0244,1.0957,0.9174,1.0457,1.0381,0.8012,1.0707,0.9502,1.118,1.1695,0.993,1.0001,0.9873,0.9137,0.9184,0.9045,0.9807
413,1.0246,0.6348,1.017,0.902,0.9383,1.0494,0.8457,0.9424,1.0957,1.0131,0.8512,1.0207,1.0252,0.818,1.0695,1.093,1.0026,1.0123,0.9637,1.0684,0.9795,0.9557
414,0.7246,1.1348,0.867,1.002,1.1383,0.9994,1.3457,0.9924,0.9957,0.9631,0.9512,0.9207,0.8752,1.018,0.8695,0.893,0.9976,0.9623,1.0637,0.9684,0.9295,1.0057
415,0.734,0.9316,0.9467,1.0926,0.807,0.9854,0.7988,0.9783,1.0363,1.0209,0.9355,1.0426,1.0299,0.9242,0.9883,1.1992,0.9983,0.9982,0.9293,0.984,0.9467,0.951
416,1.034,1.4316,1.0967,0.9926,1.007,1.0354,1.2988,0.9283,0.9363,0.9709,0.8355,0.9426,0.8799,1.1242,1.1883,0.9992,1.0033,1.0482,1.0293,1.084,0.9967,1.001
417,1.184,0.6816,0.8717,1.0426,1.107,1.0104,0.5488,0.9033,0.9863,0.9959,0.8855,0.9926,1.1049,0.8242,1.0883,1.0992,1.0008,0.9732,1.0793,0.934,0.9217,1.026
418,0.884,1.1816,1.0217,0.9426,0.907,0.9604,1.0488,0.9533,1.0863,1.0459,0.9855,1.0926,0.9549,1.0242,0.8883,0.8992,0.9958,1.0232,0.9793,1.034,0.9717,0.976
419,0.959,0.5566,1.1342,0.9176,0.957,0.9979,0.6738,0.9158,0.9613,0.9584,0.8605,1.0676,1.1424,1.1742,0.8383,0.8492,0.9971,1.0107,1.0543,0.959,0.9342,0.9635
420,1.259,1.0566,0.9842,1.0176,1.157,1.0479,1.1738,0.9658,1.0613,1.0084,0.9605,0.9676,0.9924,0.9742,1.0383,1.0492,1.0021,0.9607,0.9543,1.059,0.9842,1.0135
421,1.109,0.8066,1.0592,0.9676,1.057,1.0229,0.9238,0.9908,1.0113,1.0334,0.9105,0.9176,1.0674,1.0742,1.1383,0.9492,1.0046,1.0357,0.9043,0.909,0.9092,1.0385
422,0.809,1.3066,0.9092,1.0676,0.857,0.9729,1.4238,0.9408,0.9113,0.9834,0.8105,1.0176,0.9174,0.8742,0.9383,1.1492,0.9996,0.9857,1.0043,1.009,0.9592,0.9885
423,0.8465,0.7441,1.0404,1.0051,1.032,0.9541,0.7363,0.9221,0.9738,1.0396,0.823,1.0301,0.9736,1.0992,1.0633,0.8242,1.0002,1.017,1.0668,0.9465,0.9279,1.0197
424,1.1465,1.2441,0.8904,0.9051,0.832,1.0041,1.2363,0.9721,1.0738,0.9896,0.923,0.9301,1.1236,0.8992,0.8633,1.0242,0.9952,0.967,0.9668,1.0465,0.9779,0.9697
425,1.2965,0.9941,1.1154,1.0551,0.932,1.0291,0.9863,0.9971,1.0238,0.9646,0.973,0.9801,0.8986,1.1992,0.9633,0.9242,0.9977,1.042,0.9168,0.9965,0.9029,0.9947
426,0.9965,1.4941,0.9654,0.9551,1.132,0.9791,1.4863,0.9471,0.9238,1.0146,0.873,1.0801,1.0486,0.9992,1.1633,1.1242,1.0027,0.992,1.0168,1.0965,0.9529,1.0447
427,0.9215,0.8691,0.8529,0.9801,1.182,0.9666,0.8613,0.9846,1.0488,0.9771,0.998,1.0551,0.8611,0.8492,1.1133,1.1742,1.004,0.9795,0.9418,0.9215,0.9404,1.0072
428,1.2215,1.3691,1.0029,1.0801,0.982,1.0166,1.3613,0.9346,0.9488,1.0271,0.898,0.9551,1.0111,1.0492,0.9133,0.9742,0.999,1.0295,1.0418,1.0215,0.9904,0.9572
429,1.0715,0.6191,0.9279,0.9301,0.882,1.0416,0.6113,0.9096,0.9988,1.0021,0.848,0.9051,0.9361,0.9492,0.8133,1.0742,0.9965,0.9545,1.0918,0.9715,0.9154,0.9822
430,0.7715,1.1191,1.0779,1.0301,1.082,0.9916,1.1113,0.9596,1.0988,0.9521,0.948,1.0051,1.0861,1.1492,1.0133,0.8742,1.0015,1.0045,0.9918,1.0715,0.9654,1.0322
431,0.7527,0.5879,0.8998,0.9738,0.9195,1.0135,1.2676,0.9064,1.0676,1.0115,0.9418,1.0738,0.908,1.1617,0.8508,1.1867,1.0012,1.0389,1.0855,0.9777,0.9811,1.0416
432,1.0527,1.0879,1.0498,1.0738,1.1195,0.9635,0.7676,0.9564,0.9676,0.9615,0.8418,0.9738,1.058,0.9617,1.0508,0.9867,0.9962,0.9889,0.9855,1.0777,0.9311,0.9916
433,1.2027,0.8379,0.9748,0.9238,1.0195,0.9885,1.0176,0.9814,0.9176,0.9865,0.8918,0.9238,0.983,1.0617,1.1508,1.0867,0.9987,1.0139,0.9355,0.9277,0.9561,0.9666
434,0.9027,1.3379,1.1248,1.0238,0.8195,1.0385,0.5176,0.9314,1.0176,1.0365,0.9918,1.0238,1.133,0.8617,0.9508,0.8867,1.0037,0.9639,1.0355,1.0277,0.9061,1.0166
435,0.9777,0.9629,1.0123,1.0488,0.8695,1.001,1.1426,0.9939,0.9426,0.974,0.8668,1.0488,0.9455,0.9117,0.9008,0.8367,1.0049,0.9514,0.9105,0.9527,0.9936,1.0291
436,1.2777,1.4629,0.8623,0.9488,1.0695,0.951,0.6426,0.9439,1.0426,1.024,0.9668,0.9488,1.0955,1.1117,1.1008,1.0367,0.9999,1.0014,1.0105,1.0527,0.9436,0.9791
437,1.1277,0.7129,1.0873,1.0988,1.1695,0.976,1.3926,0.9189,1.0926,1.049,0.9168,0.9988,0.8705,0.8117,1.0008,0.9367,0.9974,0.9764,1.0605,0.9027,0.9686,0.9541
438,0.8277,1.2129,0.9373,0.9988,0.9695,1.026,0.8926,0.9689,0.9926,0.999,0.8168,1.0988,1.0205,1.0117,0.8008,1.1367,1.0024,1.0264,0.9605,1.0027,0.9186,1.0041
439,0.7902,0.7754,1.1061,0.9363,1.1445,1.0447,1.2051,0.9877,0.9301,1.0303,0.8043,1.0613,1.0768,0.8367,1.1758,0.8117,0.998,0.9701,0.923,0.9402,0.9998,0.9854
440,1.0902,1.2754,0.9561,1.0363,0.9445,0.9947,0.7051,0.9377,1.0301,0.9803,0.9043,0.9613,0.9268,1.0367,0.9758,1.0117,1.003,1.0201,1.023,1.0402,0.9498,1.0354
441,1.2402,0.5254,1.0311,0.9863,0.8445,0.9697,1.4551,0.9127,1.0801,0.9553,0.9543,0.9113,1.0018,0.9367,0.8758,0.9117,1.0005,0.9951,1.073,0.9902,0.9748,1.0104
442,0.9402,1.0254,0.8811,1.0863,1.0445,1.0197,0.9551,0.9627,0.9801,1.0053,0.8543,1.0113,0.8518,1.1367,1.0758,1.1117,0.9955,1.0451,0.973,1.0902,0.9248,0.9604
443,0.8652,0.6504,0.9936,1.0613,1.0945,1.0322,1.3301,0.9002,1.0551,0.9928,0.9793,1.0363,1.0393,1.0867,1.0258,1.1617,0.9968,1.0326,1.098,0.9152,0.9873,0.9979
444,1.1652,1.1504,1.1436,0.9613,0.8945,0.9822,0.8301,0.9502,0.9551,1.0428,0.8793,0.9363,0.8893,0.8867,0.8258,0.9617,1.0018,0.9826,0.998,1.0152,0.9373,1.0479
445,1.0152,0.9004,0.9186,1.0113,0.9945,0.9572,1.0801,0.9752,0.9051,1.0178,0.8293,0.9863,1.1143,1.1867,0.9258,1.0617,1.0043,1.0076,0.948,0.9652,0.9623,1.0229
446,0.7152,1.4004,1.0686,0.9113,1.1945,1.0072,0.5801,0.9252,1.0051,0.9678,0.9293,1.0863,0.9643,0.9867,1.1258,0.8617,0.9993,0.9576,1.048,1.0652,0.9123,0.9729
447,0.7105,0.7988,0.9115,1.0348,1.0102,1.0268,0.666,0.9322,1.0848,1.0154,0.8465,0.9941,1.0041,0.8836,0.9164,0.9523,1.0011,0.9646,0.9152,0.923,0.9584,0.9768
448,1.0105,1.2988,1.0615,0.9348,0.8102,0.9768,1.166,0.9822,0.9848,0.9654,0.9465,1.0941,0.8541,1.0836,1.1164,1.1523,0.9961,1.0146,1.0152,1.023,0.9084,1.0268
449,1.1605,0.5488,0.9865,1.0848,0.9102,0.9518,0.916,0.9572,0.9348,0.9904,0.9965,1.0441,1.0791,0.9836,1.0164,0.8523,0.9986,0.9896,1.0652,0.973,0.9834,1.0018
450,0.8605,1.0488,1.1365,0.9848,1.1102,1.0018,1.416,0.9072,1.0348,1.0404,0.8965,0.9441,0.9291,1.1836,0.8164,1.0523,1.0036,1.0396,0.9652,1.073,0.9334,0.9518
451,0.9355,0.6738,1.024,0.9598,1.1602,1.0393,0.791,0.9697,0.9098,0.9529,0.9715,0.9191,1.1166,1.0336,0.8664,1.0023,1.0048,1.0271,1.0902,0.948,0.9709,0.9893
452,1.2355,1.1738,0.874,1.0598,0.9602,0.9893,1.291,0.9197,1.0098,1.0029,0.8715,1.0191,0.9666,0.8336,1.0664,0.8023,0.9998,0.9771,0.9902,1.048,0.9209,1.0393
453,1.0855,0.9238,1.099,0.9098,0.8602,0.9643,0.541,0.9447,1.0598,1.0279,0.8215,1.0691,1.0416,1.1336,1.1664,1.1023,0.9973,1.0021,0.9402,0.998,0.9959,1.0143
454,0.7855,1.4238,0.949,1.0098,1.0602,1.0143,1.041,0.9947,0.9598,0.9779,0.9215,0.9691,0.8916,0.9336,0.9664,0.9023,1.0023,0.9521,1.0402,1.098,0.9459,0.9643
455,0.823,0.6113,1.0803,1.0723,0.8352,1.008,0.8535,0.9635,0.9223,1.0467,0.909,0.9816,0.9854,1.1086,1.0414,1.0273,0.9979,1.0459,1.0777,0.9605,0.9646,1.0455
456,1.123,1.1113,0.9303,0.9723,1.0352,0.958,1.3535,0.9135,1.0223,0.9967,0.809,1.0816,1.1354,0.9086,0.8414,0.8273,1.0029,0.9959,0.9777,1.0605,0.9146,0.9955
457,1.273,0.8613,1.0053,1.0223,1.1352,0.983,0.6035,0.9385,1.0723,0.9717,0.859,1.0316,0.9104,1.0086,0.9414,1.1273,1.0004,1.0209,0.9277,0.9105,0.9896,0.9705
458,0.973,1.3613,0.8553,0.9223,0.9352,1.033,1.1035,0.9885,0.9723,1.0217,0.959,0.9316,1.0604,0.8086,1.1414,0.9273,0.9954,0.9709,1.0277,1.0105,0.9396,1.0205
459,0.898,0.9863,0.9678,0.9473,0.9852,1.0205,0.7285,0.926,1.0973,0.9842,0.884,0.9066,0.8729,0.9586,1.1914,0.9773,0.9967,0.9584,0.9027,0.9855,0.9521,1.033
460,1.198,1.4863,1.1178,1.0473,1.1852,0.9705,1.2285,0.976,0.9973,1.0342,0.984,1.0066,1.0229,1.1586,0.9914,1.1773,1.0017,1.0084,1.0027,1.0855,0.9021,0.983
461,1.048,0.7363,0.8928,0.9973,1.0852,0.9955,0.9785,0.951,0.9473,1.0092,0.934,1.0566,0.9479,0.8586,0.8914,0.8773,1.0042,0.9834,1.0527,0.9355,0.9771,0.958
462,0.748,1.2363,1.0428,1.0973,0.8852,1.0455,1.4785,0.901,1.0473,0.9592,0.834,0.9566,1.0979,1.0586,1.0914,1.0773,0.9992,1.0334,0.9527,1.0355,0.9271,1.008
463,0.7668,0.7051,0.9396,0.9035,1.1227,0.9736,1.1348,0.9541,1.016,1.0061,0.8277,0.9129,0.901,1.0461,0.8289,0.9648,0.9983,1.024,1.0715,0.9168,0.9178,1.0174
464,1.0668,1.2051,1.0896,1.0035,0.9227,1.0236,0.6348,0.9041,0.916,0.9561,0.9277,1.0129,1.051,0.8461,1.0289,1.1648,1.0033,0.974,0.9715,1.0168,0.9678,0.9674
465,1.2168,0.9551,0.8646,0.9535,0.8227,1.0486,1.3848,0.9291,0.966,0.9811,0.9777,1.0629,0.976,1.1461,1.1289,0.8648,1.0008,1.049,0.9215,0.9668,0.9428,0.9924
466,0.9168,1.4551,1.0146,1.0535,1.0227,0.9986,0.8848,0.9791,1.066,1.0311,0.8777,0.9629,1.126,0.9461,0.9289,1.0648,0.9958,0.999,1.0215,1.0668,0.9928,1.0424
467,0.9918,0.8301,1.1271,1.0785,1.0727,0.9611,1.2598,0.9416,0.991,0.9686,0.9527,0.9879,0.9385,0.8961,0.9789,1.0148,0.997,0.9865,0.9465,0.9418,0.9053,1.0049
468,1.2918,1.3301,0.9771,0.9785,0.8727,1.0111,0.7598,0.9916,1.091,1.0186,0.8527,1.0879,1.0885,1.0961,1.1789,0.8148,1.002,1.0365,1.0465,1.0418,0.9553,0.9549
469,1.1418,0.5801,1.0521,1.0285,0.9727,1.0361,1.0098,0.9666,1.041,1.0436,0.8027,1.0379,0.8635,0.9961,1.0789,1.1148,1.0045,0.9615,1.0965,0.9918,0.9303,0.9799
470,0.8418,1.0801,0.9021,0.9285,1.1727,0.9861,0.5098,0.9166,0.941,0.9936,0.9027,0.9379,1.0135,1.1961,0.8789,0.9148,0.9995,1.0115,0.9965,1.0918,0.9803,1.0299
471,0.8043,0.8926,1.0709,0.991,0.9477,0.9924,1.3223,0.9479,0.9785,1.0373,0.9152,0.9004,1.1072,0.9711,1.1039,1.0398,1.0001,0.9928,0.934,0.9543,0.9115,0.9611
472,1.1043,1.3926,0.9209,1.091,1.1477,1.0424,0.8223,0.9979,1.0785,0.9873,0.8152,1.0004,0.9572,1.1711,0.9039,0.8398,0.9951,1.0428,1.034,1.0543,0.9615,1.0111
473,1.2543,0.6426,1.1459,0.941,1.0477,1.0174,1.0723,0.9729,1.0285,0.9623,0.8652,1.0504,1.0322,0.8711,0.8039,1.1398,0.9976,0.9678,1.084,0.9043,0.9365,1.0361
474,0.9543,1.1426,0.9959,1.041,0.8477,0.9674,0.5723,0.9229,0.9285,1.0123,0.9652,0.9504,0.8822,1.0711,1.0039,0.9398,1.0026,1.0178,0.984,1.0043,0.9865,0.9861
475,0.8793,0.5176,0.8834,1.016,0.8977,0.9799,1.1973,0.9604,1.0035,0.9998,0.8902,0.9754,1.0697,1.1211,1.0539,0.9898,1.0039,1.0053,1.059,0.9793,0.924,0.9736
476,1.1793,1.0176,1.0334,0.916,1.0977,1.0299,0.6973,0.9104,0.9035,1.0498,0.9902,1.0754,0.9197,0.9211,0.8539,1.1898,0.9989,0.9553,0.959,1.0793,0.974,1.0236
477,1.0293,0.7676,0.9584,1.066,1.1977,1.0049,1.4473,0.9354,0.9535,1.0248,0.9402,1.0254,1.1447,1.0211,0.9539,0.8898,0.9964,1.0303,0.909,0.9293,0.949,1.0486
478,0.7293,1.2676,1.1084,0.966,0.9977,0.9549,0.9473,0.9854,1.0535,0.9748,0.8402,0.9254,0.9947,0.8211,1.1539,1.0898,1.0014,0.9803,1.009,1.0293,0.999,0.9986
479,0.7199,0.5332,1.0006,0.9254,1.0539,0.9658,1.4004,0.9994,0.9129,1.017,0.8746,1.0098,1.14,1.1148,1.0852,0.9961,1.0022,0.9662,0.9996,1.0199,0.9756,1.0439
480,1.0199,1.0332,0.8506,1.0254,0.8539,1.0158,0.9004,0.9494,1.0129,0.967,0.9746,0.9098,0.99,0.9148,0.8852,1.1961,0.9972,1.0162,1.0996,0.9199,0.9256,0.9939
481,1.1699,0.7832,1.0756,0.9754,0.9539,1.0408,1.1504,0.9244,1.0629,0.992,0.9246,0.9598,1.065,1.0148,0.9852,0.8961,0.9997,0.9912,1.0496,1.0699,0.9506,0.9689
482,0.8699,1.2832,0.9256,1.0754,1.1539,0.9908,0.6504,0.9744,0.9629,1.042,0.8246,1.0598,0.915,0.8148,1.1852,1.0961,1.0047,1.0412,0.9496,0.9699,0.9006,1.0189
483,0.9449,0.9082,0.8881,1.0504,1.1039,0.9533,1.0254,0.9119,1.0879,0.9545,0.9496,1.0848,1.0275,0.9648,1.1352,1.0461,1.0034,1.0287,1.0246,1.0449,0.9881,1.0314
484,1.2449,1.4082,1.0381,0.9504,0.9039,1.0033,0.5254,0.9619,0.9879,1.0045,0.8496,0.9848,0.8775,1.1648,0.9352,0.8461,0.9984,0.9787,0.9246,0.9449,0.9381,0.9814
485,1.0949,0.6582,0.9631,1.0004,0.8039,1.0283,1.2754,0.9869,0.9379,1.0295,0.8996,0.9348,1.1025,0.8648,0.8352,1.1461,0.9959,1.0037,0.9746,1.0949,0.9631,0.9564
486,0.7949,1.1582,1.1131,0.9004,1.0039,0.9783,0.7754,0.9369,1.0379,0.9795,0.9996,1.0348,0.9525,1.0648,1.0352,0.9461,1.0009,0.9537,1.0746,0.9949,0.9131,1.0064
487,0.8324,0.8457,0.9818,0.9629,0.8789,0.9971,1.0879,0.9057,1.0754,1.0482,0.9871,1.0223,0.8588,0.8898,0.9602,1.0211,0.999,1.0475,1.0121,1.0574,0.9943,0.9752
488,1.1324,1.3457,1.1318,1.0629,1.0789,1.0471,0.5879,0.9557,0.9754,0.9982,0.8871,0.9223,1.0088,1.0898,1.1602,0.8211,1.004,0.9975,0.9121,0.9574,0.9443,1.0252
489,1.2824,0.5957,0.9068,0.9129,1.1789,1.0221,1.3379,0.9807,0.9254,0.9732,0.8371,0.9723,0.9338,0.9898,1.0602,1.1211,1.0015,1.0225,0.9621,1.0074,0.9693,1.0002
490,0.9824,1.0957,1.0568,1.0129,0.9789,0.9721,0.8379,0.9307,1.0254,1.0232,0.9371,1.0723,1.0838,1.1898,0.8602,0.9211,0.9965,0.9725,1.0621,0.9074,0.9193,0.9502
491,0.9074,0.7207,1.0943,1.0379,0.9289,0.9846,1.4629,0.9932,0.9004,0.9857,0.8121,1.0973,0.9713,1.0398,0.8102,0.9711,0.9953,0.96,0.9871,1.0824,0.9818,0.9877
492,1.2074,1.2207,0.9443,0.9379,1.1289,1.0346,0.9629,0.9432,1.0004,1.0357,0.9121,0.9973,1.1213,0.8398,1.0102,1.1711,1.0003,1.01,1.0871,0.9824,0.9318,1.0377
493,1.0574,0.9707,1.0193,1.0879,1.0289,1.0096,1.2129,0.9182,1.0504,1.0107,0.9621,0.9473,0.8963,1.1398,1.1102,0.8711,1.0028,0.985,1.0371,1.0324,0.9568,1.0127
494,0.7574,1.4707,0.8693,0.9879,0.8289,0.9596,0.7129,0.9682,0.9504,0.9607,0.8621,1.0473,1.0463,0.9398,0.9102,1.0711,0.9978,1.035,0.9371,0.9324,0.9068,0.9627
495,0.7387,0.9395,1.1412,1.0066,1.1664,1.0314,0.9316,0.915,0.9816,1.0014,0.8559,1.0785,0.9619,0.9523,1.1727,0.9836,1.0,1.0193,1.0434,1.0137,0.9475,0.9596
496,1.0387,1.4395,0.9912,0.9066,0.9664,0.9814,1.4316,0.965,1.0816,0.9514,0.9559,0.9785,1.1119,1.1523,0.9727,1.1836,1.005,0.9693,0.9434,0.9137,0.9975,1.0096
497,1.1887,0.6895,1.0662,1.0566,0.8664,0.9564,0.6816,0.99,1.0316,0.9764,0.9059,0.9285,0.8869,0.8523,0.8727,0.8836,1.0025,1.0443,0.9934,1.0637,0.9225,1.0346
498,0.8887,1.1895,0.9162,0.9566,1.0664,1.0064,1.1816,0.94,0.9316,1.0264,0.8059,1.0285,1.0369,1.0523,1.0727,1.0836,0.9975,0.9943,1.0934,0.9637,0.9725,0.9846
499,0.9637,0.5645,0.9537,0.9816,1.0164,1.0439,0.5566,0.9775,1.0066,0.9639,0.9309,1.0035,0.9244,1.1023,1.0227,1.0336,0.9962,0.9818,0.9684,1.0387,0.935,0.9721
500,1.2637,1.0645,1.1037,1.0816,0.8164,0.9939,1.0566,0.9275,0.9066,1.0139,0.8309,0.9035,1.0744,0.9023,0.8227,0.8336,1.0012,1.0318,1.0684,0.9387,0.985,1.0221
501,1.1137,0.8145,0.8787,0.9316,0.9164,0.9689,0.8066,0.9025,0.9566,1.0389,0.8809,0.9535,0.9994,1.0023,0.9227,1.1336,1.0037,0.9568,1.0184,1.0887,0.91,1.0471
502,0.8137,1.3145,1.0287,1.0316,1.1164,1.0189,1.3066,0.9525,1.0566,0.9889,0.9809,1.0535,1.1494,0.8023,1.1227,0.9336,0.9987,1.0068,0.9184,0.9887,0.96,0.9971
503,0.7762,0.627,0.86,1.0941,0.9914,1.0002,0.6191,0.9838,1.0191,1.0326,0.9934,1.091,1.0557,1.0273,0.8977,1.0086,1.0019,0.9881,0.9559,1.0512,0.9287,1.0158
504,1.0762,1.127,1.01,0.9941,1.1914,0.9502,1.1191,0.9338,0.9191,0.9826,0.8934,0.991,0.9057,0.8273,1.0977,0.8086,0.9969,1.0381,1.0559,0.9512,0.9787,0.9658
505,1.2262,0.877,0.935,1.0441,1.0914,0.9752,0.8691,0.9088,0.9691,0.9576,0.8434,0.941,1.1307,1.1273,1.1977,1.1086,0.9994,0.9631,1.0059,1.0012,0.9037,0.9908
506,0.9262,1.377,1.085,0.9441,0.8914,1.0252,1.3691,0.9588,1.0691,1.0076,0.9434,1.041,0.9807,0.9273,0.9977,0.9086,1.0044,1.0131,0.9059,0.9012,0.9537,1.0408
507,0.8512,0.752,1.0475,0.9191,0.8414,1.0127,0.9941,0.9213,0.9941,0.9951,0.8184,1.016,1.0932,0.8773,0.9477,0.9586,1.0031,1.0006,1.0309,1.0762,0.9412,1.0033
508,1.1512,1.252,0.8975,1.0191,1.0414,0.9627,1.4941,0.9713,1.0941,1.0451,0.9184,0.916,0.9432,1.0773,1.1477,1.1586,0.9981,0.9506,0.9309,0.9762,0.9912,0.9533
509,1.0012,0.502,1.1225,0.9691,1.1414,0.9877,0.7441,0.9963,1.0441,1.0201,0.9684,0.966,1.0182,0.9773,1.0477,0.8586,0.9956,1.0256,0.9809,1.0262,0.9162,0.9783
510,0.7012,1.002,0.9725,1.0691,0.9414,1.0377,1.2441,0.9463,0.9441,0.9701,0.8684,1.066,0.8682,1.1773,0.8477,1.0586,1.0006,0.9756,1.0809,0.9262,0.9662,1.0283
511,0.7018,0.751,1.1362,1.0982,0.9832,1.0065,1.1143,0.9909,0.9756,1.0415,0.9955,1.0732,0.9048,0.9434,0.9035,1.1301,1.0037,1.0132,0.9893,0.9877,0.9454,1.0298
512,1.0018,1.251,0.9862,0.9982,1.1832,0.9565,0.6143,0.9409,1.0756,0.9915,0.8955,0.9732,1.0548,1.1434,1.1035,0.9301,0.9987,0.9632,1.0893,1.0877,0.9954,0.9798
513,1.1518,0.501,1.0612,1.0482,1.0832,0.9815,1.3643,0.9159,1.0256,0.9665,0.8455,0.9232,0.9798,0.8434,1.0035,1.0301,0.9962,1.0382,1.0393,0.9377,0.9204,0.9548
514,0.8518,1.001,0.9112,0.9482,0.8832,1.0315,0.8643,0.9659,0.9256,1.0165,0.9455,1.0232,1.1298,1.0434,0.8035,0.8301,1.0012,0.9882,0.9393,1.0377,0.9704,1.0048
515,0.9268,0.626,0.9487,0.9232,0.8332,1.019,1.4893,0.9034,1.0006,0.979,0.8205,1.0482,0.9423,1.1934,0.8535,0.8801,1.0025,0.9757,1.0143,0.9627,0.9329,1.0423
516,1.2268,1.126,1.0987,1.0232,1.0332,0.969,0.9893,0.9534,0.9006,1.029,0.9205,0.9482,1.0923,0.9934,1.0535,1.0801,0.9975,1.0257,0.9143,1.0627,0.9829,0.9923
517,1.0768,0.876,0.8737,0.9732,1.1332,0.994,1.2393,0.9784,0.9506,1.004,0.9705,0.9982,0.8673,1.0934,1.1535,0.9801,1.0,0.9507,0.9643,0.9127,0.9079,0.9673
518,0.7768,1.376,1.0237,1.0732,0.9332,1.044,0.7393,0.9284,1.0506,0.954,0.8705,1.0982,1.0173,0.8934,0.9535,1.1801,1.005,1.0007,1.0643,1.0127,0.9579,1.0173
519,0.8143,0.5635,0.855,1.0107,1.1582,1.0253,1.4268,0.9097,1.0131,1.0228,0.858,1.0607,1.111,1.0684,1.0285,0.8551,0.9956,0.9944,1.0018,0.9252,0.9267,0.9985
520,1.1143,1.0635,1.005,0.9107,0.9582,0.9753,0.9268,0.9597,0.9131,0.9728,0.958,0.9607,0.961,0.8684,0.8285,1.0551,1.0006,1.0444,0.9018,1.0252,0.9767,1.0485
521,1.2643,0.8135,0.93,1.0607,0.8582,0.9503,1.1768,0.9847,0.9631,0.9978,0.908,0.9107,1.036,1.1684,0.9285,0.9551,1.0031,0.9694,0.9518,0.9752,0.9017,1.0235
522,0.9643,1.3135,1.08,0.9607,1.0582,1.0003,0.6768,0.9347,1.0631,1.0478,0.808,1.0107,0.886,0.9684,1.1285,1.1551,0.9981,1.0194,1.0518,1.0752,0.9517,0.9735
523,0.8893,0.9385,1.0425,0.9857,1.0082,1.0378,1.0518,0.9972,0.9881,0.9603,0.933,1.0357,1.0735,0.8184,1.1785,1.1051,0.9994,1.0069,0.9768,0.9002,0.9392,0.986
524,1.1893,1.4385,0.8925,1.0857,0.8082,0.9878,0.5518,0.9472,1.0881,1.0103,0.833,0.9357,0.9235,1.0184,0.9785,0.9051,1.0044,0.9569,1.0768,1.0002,0.9892,1.036
525,1.0393,0.6885,1.1175,0.9357,0.9082,0.9628,1.3018,0.9222,1.0381,1.0353,0.883,0.9857,1.1485,0.9184,0.8785,1.0051,1.0019,1.0319,1.0268,0.9502,0.9142,1.011
526,0.7393,1.1885,0.9675,1.0357,1.1082,1.0128,0.8018,0.9722,0.9381,0.9853,0.983,1.0857,0.9985,1.1184,1.0785,0.8051,0.9969,0.9819,0.9268,1.0502,0.9642,0.961
527,0.758,0.7197,1.0144,0.967,0.8957,0.9909,0.583,0.919,0.9193,1.0259,0.9768,1.042,1.0079,1.1809,0.841,1.1426,0.9959,0.9726,1.0455,0.9939,0.9798,0.9642
528,1.058,1.2197,0.8644,1.067,1.0957,1.0409,1.083,0.969,1.0193,0.9759,0.8768,0.942,0.8579,0.9809,1.041,0.9426,1.0009,1.0226,0.9455,1.0939,0.9298,1.0142
529,1.208,0.9697,1.0894,0.917,1.1957,1.0159,0.833,0.994,1.0693,0.9509,0.8268,0.992,1.0829,1.0809,1.141,1.0426,1.0034,0.9976,0.9955,0.9439,0.9548,1.0392
530,0.908,1.4697,0.9394,1.017,0.9957,0.9659,1.333,0.944,0.9693,1.0009,0.9268,1.092,0.9329,0.8809,0.941,0.8426,0.9984,1.0476,1.0955,1.0439,0.9048,0.9892
531,0.983,0.8447,0.9019,1.042,0.9457,0.9784,0.958,0.9815,1.0943,0.9884,0.8018,1.067,1.1204,0.9309,0.991,0.8926,0.9997,1.0351,0.9705,0.9689,0.9923,0.9517
532,1.283,1.3447,1.0519,0.942,1.1457,1.0284,1.458,0.9315,0.9943,1.0384,0.9018,0.967,0.9704,1.1309,1.191,1.0926,1.0047,0.9851,1.0705,1.0689,0.9423,1.0017
533,1.133,0.5947,0.9769,1.092,1.0457,1.0034,0.708,0.9065,0.9443,1.0134,0.9518,0.917,1.0454,0.8309,1.091,0.9926,1.0022,1.0101,1.0205,0.9189,0.9673,1.0267
534,0.833,1.0947,1.1269,0.992,0.8457,0.9534,1.208,0.9565,1.0443,0.9634,0.8518,1.017,0.8954,1.0309,0.891,1.1926,0.9972,0.9601,0.9205,1.0189,0.9173,0.9767
535,0.7955,0.9072,0.9956,0.9295,1.0707,0.9722,0.8955,0.9753,1.0818,1.0071,0.8643,1.0295,0.9892,0.8059,1.116,0.8676,1.0028,1.0413,0.958,0.9314,0.9985,1.0079
536,1.0955,1.4072,1.1456,1.0295,0.8707,1.0222,1.3955,0.9253,0.9818,0.9571,0.9643,0.9295,1.1392,1.0059,0.916,1.0676,0.9978,0.9913,1.058,1.0314,0.9485,0.9579
537,1.2455,0.6572,0.9206,0.9795,0.9707,1.0472,0.6455,0.9003,0.9318,0.9821,0.9143,0.9795,0.9142,0.9059,0.816,0.9676,0.9953,1.0163,1.008,0.9814,0.9735,0.9829
538,0.9455,1.1572,1.0706,1.0795,1.1707,0.9972,1.1455,0.9503,1.0318,1.0321,0.8143,1.0795,1.0642,1.1059,1.016,1.1676,1.0003,0.9663,0.908,1.0814,0.9235,1.0329
539,0.8705,0.5322,1.1081,1.0545,1.1207,0.9597,0.5205,0.9128,0.9068,0.9696,0.9393,1.0545,0.8767,1.0559,1.066,1.1176,1.0016,0.9538,1.033,0.9064,0.986,1.0204
540,1.1705,1.0322,0.9581,0.9545,0.9207,1.0097,1.0205,0.9628,1.0068,1.0196,0.8393,0.9545,1.0267,0.8559,0.866,0.9176,0.9966,1.0038,0.933,1.0064,0.936,0.9704
541,1.0205,0.7822,1.0331,1.0045,0.8207,1.0347,0.7705,0.9878,1.0568,1.0446,0.8893,0.9045,0.9517,1.1559,0.966,1.0176,0.9991,0.9788,0.983,0.9564,0.961,0.9954
542,0.7205,1.2822,0.8831,0.9045,1.0207,0.9847,1.2705,0.9378,0.9568,0.9946,0.9893,1.0045,1.1017,0.9559,1.166,0.8176,1.0041,1.0288,1.083,1.0564,0.911,1.0454
543,0.7299,0.5166,0.9253,0.9889,0.927,0.9987,0.8174,0.9269,1.0225,1.0399,0.9236,0.9326,0.9563,1.0621,1.0973,1.1238,1.0045,1.0179,0.9236,1.0908,0.9126,0.997
544,1.0299,1.0166,1.0753,1.0889,1.127,1.0487,1.3174,0.9769,0.9225,0.9899,0.8236,1.0326,1.1063,0.8621,0.8973,0.9238,0.9995,0.9679,1.0236,0.9908,0.9626,1.047
545,1.1799,0.7666,0.8503,0.9389,1.027,1.0237,0.5674,0.9519,0.9725,0.9649,0.8736,1.0826,0.8813,1.1621,0.9973,1.0238,0.997,1.0429,1.0736,1.0408,0.9376,1.022
546,0.8799,1.2666,1.0003,1.0389,0.827,0.9737,1.0674,0.9019,1.0725,1.0149,0.9736,0.9826,1.0313,0.9621,1.1973,0.8238,1.002,0.9929,0.9736,0.9408,0.9876,0.972
547,0.9549,0.8916,1.1128,1.0139,0.877,0.9862,0.6924,0.9644,0.9975,0.9774,0.8986,0.9576,0.9188,0.8121,1.1473,0.8738,1.0008,0.9804,1.0986,1.0658,0.9001,0.9845
548,1.2549,1.3916,0.9628,0.9139,1.077,1.0362,1.1924,0.9144,1.0975,1.0274,0.9986,1.0576,1.0688,1.0121,0.9473,1.0738,0.9958,1.0304,0.9986,0.9658,0.9501,1.0345
549,1.1049,0.6416,1.0378,1.0639,1.177,1.0112,0.9424,0.9394,1.0475,1.0024,0.9486,1.0076,0.9938,0.9121,0.8473,0.9738,0.9983,0.9554,0.9486,1.0158,0.9251,1.0095
550,0.8049,1.1416,0.8878,0.9639,0.977,0.9612,1.4424,0.9894,0.9475,0.9524,0.8486,0.9076,1.1438,1.1121,1.0473,1.1738,1.0033,1.0054,1.0486,0.9158,0.9751,0.9595
551,0.8424,0.8291,1.0565,0.9014,1.102,0.9675,0.6299,0.9706,0.985,1.0212,0.8361,0.9451,1.0501,0.9371,0.9723,0.8988,0.9964,0.9991,1.0861,1.0283,0.9063,1.0282
