,bankErosionCoeff,eventMeanConcentration,HillslopeFineSDR,RiparianVegPercent,USLE_HSDR_Fine,A3,RainThreshold,Beta,LongTermAvDailyFlow,Gully_Management_Practice_Factor,maxRiparianVegEffectiveness,TSS_ave
0,0.9,1.0,0.95,1.0,1.0,1.0,1.0,1.0,1.0,0.95,1.0,27749663.785139263
1,0.7574434397770383,1.1,0.7495312499999999,1.05,0.925,0.9,1.1,0.9,1.05,0.87875,1.025,22361125.419947572
2,0.9654073890298459,0.9,1.12734375,0.95,1.075,1.1,0.9,1.1,0.95,1.02375,0.975,32258325.86014757
3,0.9003622084244279,0.95,0.83166015625,1.075,0.9625,1.05,0.95,1.15,1.075,0.8440625,0.9625,26441953.49102277
4,1.3080167799558076,1.15,1.30517578125,0.975,1.1125,0.85,1.15,0.95,0.975,0.9865624999999999,1.0125,34763889.3801187
5,0.6485495430889485,1.05,0.59169921875,0.925,0.8875,1.15,1.05,1.05,0.925,0.9140625,1.0375,25325871.271605052
6,0.6607170929953162,0.85,1.06927734375,1.025,1.0375,0.95,0.85,0.85,1.025,1.0615625,0.9875,21670015.760559868
7,0.6402831367328347,1.025,0.914171775,1.0875,1.1312,1.175,1.125,1.175,1.0875,0.8843449999999999,1.0188,26754126.623572167
8,1.3342600538303988,0.825,1.3990419299999999,0.9875,0.9812,0.975,0.925,0.975,0.9875,1.02935,0.9688,32795115.447471194
9,0.6683780324078872,0.925,0.6355913849999999,0.9375,1.0562,1.075,0.825,1.075,0.9375,0.8612175,0.9938,27233846.837468915
10,0.8360604121545816,1.125,1.10006029,1.0375,0.9062,0.875,1.025,0.875,1.0375,1.0062225,1.0438,23967951.842770662
11,0.5031391090945045,1.175,0.5065771275000001,0.9125,1.0187,0.925,1.075,0.825,0.9125,0.8948725000000001,1.0062,20608445.253993917
12,1.4869883201019434,0.975,1.0604616575,1.0125,0.8688,1.125,0.875,1.025,1.0125,1.0398675,0.9562,32503488.217190467
13,0.817902581466879,0.875,0.8122128299999999,1.0625,1.0938,0.825,0.975,0.925,1.0625,0.873,0.9812,23861037.759170584
14,0.845715910848968,1.075,1.18406736,0.9625,0.9438,1.025,1.175,1.125,0.9625,1.017995,1.0312,29846156.991364148
15,0.5876547994652537,0.9125,1.062722092832,0.9938,1.0469,1.0625,0.9375,0.8125,1.0563,0.88073578,1.0406,20309593.5187056
16,1.5913953731398107,1.1125,0.494814584832,1.0938,0.8969,0.8625,1.1375,1.0125,0.9562,0.92761578,0.9906,30261586.028815784
17,0.9186341487518962,1.0125,1.1323833158319998,1.0438,1.1219,1.1625,1.0375,0.9125,0.9062,0.9532357800000001,0.9656,28053164.843543477
18,0.9113206931011562,0.8125,0.765896963832,0.9438,0.9719,0.9625,0.8375,1.1125,1.0062,1.00021047,1.0156,28513884.791890346
19,0.554337870661484,0.8625,1.340971106832,1.0188,1.0844,0.8125,0.8875,1.1625,0.9312,0.8933932800000001,1.0281,28024567.801457293
20,1.2617398328792309,1.0625,0.866996301832,0.9188,0.9344,1.0125,1.0875,0.9625,1.0312,0.9377732799999999,0.9781,31654156.639259093
21,0.7527988298110931,1.1625,1.105819579332,0.9688,1.0094,0.9125,1.1875,1.0625,1.0812,0.96589328,0.9531,28266636.183548905
22,0.9395456782100621,0.9625,0.627196524332,1.0688,0.8594,1.1125,0.9875,0.8625,0.9812,1.01027328,1.0031,21798421.631140854
23,0.5050095758200611,1.1375,1.365812679168,1.0062,0.9531,0.9375,1.0125,1.1875,0.9438,0.9233632799999999,0.9844,27262917.06636059
24,1.0312763667507807,0.9375,0.903292999168,0.9062,1.1031,1.1375,0.8125,0.9875,1.0438,0.96523328,1.0344,31020817.329184107
25,1.119349737905403,0.8375,1.1959942531680001,0.9562,0.8781,0.8375,0.9125,1.0875,1.0938,0.8986782799999999,1.0094,29848260.085467998
26,1.027043362756653,1.0375,0.7035530731679999,1.0563,1.0281,1.0375,1.1125,0.8875,0.9938,0.94554828,0.9594,25091620.516489625
27,0.4746605630738653,1.0875,1.073162301918,0.9812,0.9156,1.1875,1.1625,0.8375,1.0688,0.95961328,0.9969,19875845.715640675
28,1.5223782312558451,0.8875,0.525258918918,1.0812,1.0656,0.9875,0.9625,1.0375,0.9688,1.00148328,1.0469,31383505.102379866
29,0.5065543092663298,0.9875,1.187008251418,1.0312,0.9906,1.0875,0.8625,0.9375,0.9188,0.9349282800000001,1.0219,23507656.245913707
30,0.7083760308866632,1.1875,0.826824524418,0.9312,1.1406,0.8875,1.0625,1.1375,1.0188,0.98179828,0.9719,30149041.60610917
31,0.519324102852426,0.8562,1.307295742896,1.0969,0.9859,1.1938,1.1938,0.8438,0.9844,0.93569168,1.0203,19786657.759399146
32,1.0559650349249239,1.0562,0.725215529896,0.9969,1.1359,0.9938,0.9938,1.0438,1.0844,0.88756668,0.9703,30177572.78980631
33,0.6464261514988484,1.1562,0.954035614896,0.9469,0.9109,1.0938,0.8938,0.9438,1.0344,0.95600418,0.9953,24655745.243323825
34,0.7326931013270931,0.9562,0.5519674878960001,1.0469,1.0609,0.8938,1.0938,1.1438,0.9344,0.9128791799999999,1.0453,26509643.016779333
35,0.509397363202847,0.9062,1.121874038271,0.9219,0.8734,0.9438,1.0438,1.1938,1.0094,0.97186293,1.0078,25082661.55969311
36,1.1226538556988388,1.1062,0.644897743271,1.0219,1.0234,1.1438,0.8438,0.9938,0.9094,0.92373793,0.9578,30305555.974759936
37,0.7241721464104286,1.0062,1.295993726771,1.0719,0.9484,0.8438,0.9438,1.0938,0.9594,0.9921754300000001,0.9828,27155494.686817948
38,1.2931895588384892,0.8062,0.8379629317709999,0.9719,1.0984,1.0438,1.1438,0.8938,1.0594,0.94905043,1.0328,28781577.60493521
39,0.5294059910291435,1.0812,1.182308394064,0.9094,1.0047,0.8188,0.8688,1.1688,1.0219,1.0007049600000002,0.9516,27948772.29856486
40,1.1442250449481086,0.8812,0.704785364064,1.0094,0.8547,1.0188,1.0688,0.9688,0.9219,0.95507496,1.0016,27595084.770465188
41,0.7377471680694494,0.9812,1.424077784064,1.0594,1.0797,0.9188,1.1688,1.0688,0.9719,0.9283599600000001,1.0266,28709729.952697426
42,1.0903473676655575,1.1812,0.9400897540640002,0.9594,0.9297,1.1188,0.9688,0.8688,1.0719,0.8827299599999999,0.9766,27219686.98497982
43,0.7742628595643811,1.1312,1.3376632755639999,1.0844,1.1172,1.0688,0.9188,0.8188,0.9969,1.01054996,0.9641,23780153.01029985
44,1.5094009637297863,0.9312,0.762541374564,0.9844,0.9672,0.8688,1.1188,1.0188,1.0969,0.9674199600000001,1.0141,31915419.091388546
45,0.6953576387209381,0.8312,1.037319575064,0.9344,1.0422,1.1688,1.0188,0.9188,1.0469,0.93820496,1.0391,24597688.309910886
46,0.8896220168076909,1.0312,0.630267416064,1.0344,0.8922,0.9688,0.8188,1.1188,0.9469,0.89507496,0.9891,26746928.404196214
47,0.49567495133810113,0.9688,0.6931806251039999,1.0031,1.1078,0.9312,1.0562,0.8312,1.0281,1.00152668,0.9859,19393653.002881106
48,1.1125546470459438,1.1688,1.2694769631040002,0.9031,0.9578,1.1312,0.8562,1.0312,0.9281,0.85683668,1.0359,34968148.53691258
49,1.150075906385306,1.0688,0.516696083104,0.9531,1.0328,0.8312,0.9562,0.9312,0.9781,1.0246516799999998,1.0109,29584908.915063024
50,1.0960171791142337,0.8688,0.9185805851040001,1.0531,0.8828,1.0312,1.1562,1.1312,1.0781,0.8799616800000001,0.9609,27051771.752999682
51,0.8661423736580733,0.8188,0.5953437496039999,0.9781,1.0703,1.1812,1.1062,1.1812,0.9531,1.01340168,0.9984,28822492.56544826
52,1.5058606226751923,1.0188,1.056456044604,1.0781,0.9203,0.9812,0.9062,0.9812,1.0531,0.86871168,1.0484,30237673.023869537
53,0.48262326027395636,1.1188,0.8683847311039998,1.0281,1.1453,1.0812,0.8062,1.0812,1.0031,1.03527668,1.0234,26603796.534912176
54,0.925380844168545,0.9188,1.360258276104,0.9281,0.9953,0.8812,1.0062,0.8812,0.9031,0.89058668,0.9734,28862556.060437314
55,0.6030828464252694,1.1938,0.653413722936,0.9906,0.9016,1.0562,0.9812,1.1562,0.9656,1.05678621,1.0422,25526884.19630597
56,1.4778097633146903,0.9938,1.113568377936,1.0906,1.0516,0.8562,1.1812,0.9562,1.0656,0.9096012099999999,0.9922,30146733.423880395
57,0.5724209465832889,0.8938,0.8845554879359999,1.0406,0.9766,1.1562,1.0812,1.0562,1.0156,0.98194371,0.9672,23822727.659450438
58,1.1919647195978866,1.0938,1.350413142936,0.9406,1.1266,0.9562,0.8812,0.8562,0.9156,0.8397587100000001,1.0172,32843457.548429612
59,0.4778869938631959,1.0438,0.769192121061,1.0156,0.9391,0.8062,0.8312,0.8062,1.0406,1.0951449599999998,1.0297,18140173.23344141
60,0.8813091364858237,0.8438,1.364986397061,0.9156,1.0891,1.0062,1.0312,1.0062,0.9406,0.94545996,0.9797,31422845.822640415
61,0.8903851136097142,0.9438,0.5652047915609999,0.9656,0.8641,0.9062,1.1312,0.9062,0.9906,1.01905246,0.9547,23755720.11973232
62,0.7926742572357811,1.1438,0.9501120755610001,1.0656,1.0141,1.1062,0.9312,1.1062,1.0906,0.87436746,1.0047,27120848.715420727
63,0.665170416325121,1.0594,1.066355121195,1.0484,0.9789,1.0094,1.1219,1.0031,0.9703,1.05762501,1.0445,25257567.76973738
64,1.2576710668747828,0.8594,0.6736058941949999,0.9484,1.1289,0.8094,0.9219,0.8031,1.0703,0.91106001,0.9945,26373124.530813146
65,0.7122130031550392,0.9594,1.436052417695,0.9984,0.9039,1.1094,0.8219,1.1031,1.0203,1.0350475099999998,0.9695,27635920.007197667
66,0.7372824704645419,1.1594,0.8384526946950002,1.0984,1.0539,0.9094,1.0219,0.9031,0.9203,0.8884825100000001,1.0195,23990275.159226205
67,0.37575640646474495,1.1094,1.24513550232,0.9734,0.8664,0.8594,1.0719,0.9531,1.0453,1.02004626,1.032,21902581.790837288
68,1.3776045703895876,0.9094,0.76027828032,1.0734,1.0164,1.0594,0.8719,1.1531,0.9453,0.8759812599999999,0.982,32172879.96667563
69,0.777698319714475,0.8094,0.9507351438199999,1.0234,0.9414,0.9594,0.9719,0.8531,0.9953,0.9974687600000001,0.9570000000000001,21811090.502228476
70,0.9665295749220917,1.0094,0.49455966582000005,0.9234,1.0914,1.1594,1.1719,1.0531,1.0953,0.85340376,1.0070000000000001,28877391.32580898
71,0.41842851443219875,0.8844,1.272440964444,0.9609,1.0352,0.9844,0.8469,0.9781,1.0328,0.97763118,0.9758,23726764.075213324
72,1.2724661071252532,1.0844,0.800191539444,1.0609,0.8852,1.1844,1.0469,1.1781,0.9328,0.83607118,1.0258,31001852.015968256
73,1.2924992225357512,1.1844,1.0320428719439998,1.0109,1.1102,0.8844,1.1469,0.8781,0.9828,1.05216118,1.0008,31031511.06072541
74,1.1439958185820762,0.9844,0.566200706944,0.9109,0.9602,1.0844,0.9469,1.0781,1.0828,0.90560118,0.9508,30466463.199325647
75,0.6585529190114379,0.9344,1.066886670944,1.0359,1.1477,1.1344,0.9969,1.0281,0.9578,0.96634368,0.9883,27237015.02110027
76,1.3050101622642045,1.1344,0.7015844989439999,0.9359,0.9977,0.9344,1.1969,0.8281,1.0578,0.8247836799999999,1.0383,28386242.46865267
77,0.49503050644375196,1.0344,1.499246377944,0.9859,1.0727,1.0344,1.0969,1.1281,1.0078,1.04087368,1.0133,28138957.158696596
78,0.6923959082647123,0.8344,0.895597709944,1.0859,0.9227,0.8344,0.8969,0.9281,0.9078,0.89431368,0.9633,22044819.18011647
79,0.46988751334248147,1.1719,0.63082104456,1.0547,1.082,0.8719,1.0344,1.0156,1.0141,0.9917941499999999,0.9602,23630017.00598817
80,1.1107056041946541,0.9719,1.01898497856,0.9547,0.932,1.0719,0.8344,0.8156,0.9141,0.95100915,1.0102,27574972.458210535
81,1.0048081046114925,0.8719,0.79331074056,0.9047,1.0070000000000001,0.9719,0.9344,1.1156,0.9641,0.9726516499999999,1.0352,31675459.235846937
82,1.040240129161388,1.0719,1.3772345065599998,1.0047,0.857,1.1719,1.1344,0.9156,1.0641,0.92686665,0.9852,27174363.749026574
83,0.64258906294478,1.0219,0.6974413815599999,0.9297,1.0445,1.0219,1.1844,0.9656,0.9891,0.9825354,0.9727,25067334.19340231
84,1.6643561187376168,0.8219,1.1614464825600002,1.0297,0.8945,0.8219,0.9844,1.1656,1.0891,0.9392504,1.0227,33599135.9431073
85,0.8697331635606883,0.9219,0.49361597805999996,1.0797,1.1195,1.1219,0.8844,0.8656,1.0391,0.9621428999999999,1.0477,22080940.34358828
86,1.0097116264302843,1.1219,0.97658107706,0.9797,0.9695,0.9219,1.0844,1.0656,0.9391,0.9138579,0.9977,31004823.85754514
87,0.44745713544331733,0.9969,0.7741924463519999,0.9422,0.9133,1.1469,0.9094,0.9906,0.9766,0.95451376,1.0164,22232860.06499984
88,1.7308757171817348,1.1969,1.2509404688519998,1.0422,1.0633,0.9469,1.1094,1.1906,1.0766,0.90873376,0.9664,37912457.11095426
89,0.5425399569698359,1.0969,0.5403189526020001,1.0922,0.9883,1.0469,1.0094,0.8906,1.0266,1.02779376,0.9914,19928338.713145606
90,0.8176588228475713,0.8969,1.012776020102,0.9922,1.1383,0.8469,0.8094,1.0906,0.9266,0.98201376,1.0414,30417255.51192682
91,0.702822928446038,0.8469,0.7278830373520001,1.0672,0.9508,0.9969,0.8594,1.0406,1.0016,0.91881126,1.0039,23528919.257567406
92,1.1512359651226698,1.0469,1.131969228852,0.9672,1.1008,1.1969,1.0594,0.8406,0.9016,0.8730312600000001,0.9539,30300935.226918194
93,0.9957291365619682,1.1469,0.8497957171020001,0.9172,0.8758,0.8969,1.1594,1.1406,0.9516,0.9908412600000001,0.9789,31256789.926775564
94,0.8559871662611939,0.9469,1.4399731156019997,1.0172,1.0258,1.0969,0.9594,0.9406,1.0516,0.94506126,1.0289,27043776.595051326
95,0.3968581597240408,1.0031,0.8727366110560001,0.9516,0.8805,0.9906,0.8781,1.0469,0.9422,0.98059126,0.9773,22527543.67253201
96,1.1364437330229598,0.8031,1.2240745330560001,1.0516,1.0305,1.1906,1.0781,0.8469,1.0422,1.0248112600000001,1.0273,25407414.971063357
97,0.6655316663587442,0.9031,0.598318777056,1.0016,0.9555,0.8906,1.1781,1.1469,1.0922,0.9076212600000001,1.0023,24176051.20028523
98,1.250874400280367,1.1031,1.172926195056,0.9016,1.1055,1.0906,0.9781,0.9469,0.9922,0.95184126,0.9523,34952348.32791455
99,0.7858640794666698,1.1531,0.508030013556,1.0266,0.993,1.1406,0.9281,0.9969,1.0672,0.9437937599999999,0.9898,24849302.732989363
100,1.2094378572860216,0.9531,0.9947031885560002,0.9266,1.143,0.9406,1.1281,1.1969,0.9672,0.9880137599999999,1.0398,36597229.26677166
101,0.595868877053507,0.8531,0.751684351056,0.9766,0.9179999999999999,1.0406,1.0281,0.8969,0.9172,0.87207376,1.0148,21455867.71092863
102,0.6578988251906405,1.0531,1.232774516056,1.0766,1.068,0.8406,0.8281,1.0969,1.0172,0.9162937600000002,0.9648,27512012.354970668
103,0.6581840026224149,0.8281,0.56838903093,1.0391,1.1242,1.0156,1.1531,0.9719,1.0547,0.9129653999999999,1.0461,22943073.50859029
104,1.3187657889142295,1.0281,1.0555683154300002,0.9391,0.9742,0.8156,0.9531,1.1719,0.9547,0.9596804000000001,0.9961,36285216.18190662
105,0.9058059927516035,1.1281,0.77186604768,0.9891,1.0492,1.1156,0.8531,0.8719,0.9047,0.9375729,0.9711,26805879.42566333
106,1.0169486680034887,0.9281,1.23095196318,1.0891,0.8992,0.9156,1.0531,1.0719,1.0047,0.9792879000000001,1.0211,27557220.69623244
107,0.5178615891675382,0.9781,0.9560164179299998,0.9641,1.0117,0.8656,1.0031,1.0219,0.9297,0.89972415,1.0336,25074493.958262347
108,1.1082701865530689,1.1781,1.31126395743,1.0641,0.8617,1.0656,0.8031,0.8219,1.0297,0.94893915,0.9836,25424229.40351798
109,0.6509188666466293,1.0781,0.6392236496799999,1.0141,1.0867,0.9656,0.9031,1.1219,1.0797,0.92558165,0.9586,26522417.479053646
110,1.0613714974754587,0.8781,1.20668631018,0.9141,0.9367,1.1656,1.1031,0.9219,0.9797,0.9697966499999999,1.0086,29480048.0045817
111,0.5683734099152347,1.1156,1.310115374148,0.9453,1.0586,1.1281,0.9656,1.0344,1.0984,0.93370368,1.018,27300378.13726792
112,1.0870182947805556,0.9156,0.943307870148,1.0453,0.9086,0.9281,1.1656,0.8344,0.9984,1.08214368,0.968,23914576.58643686
113,0.6355174744721622,0.8156,1.1382593096479998,1.0953,1.1336,1.0281,1.0656,1.1344,0.9484,0.86323368,0.993,27078073.097057734
114,1.007753309855612,1.0156,0.590721723648,0.9953,0.9836,0.8281,0.8656,0.9344,1.0484,1.00667368,1.043,25999844.801704016
115,0.6269132744783503,1.0656,0.992929480023,1.0703,1.0961,0.9781,0.8156,0.9844,0.9234,0.9224911800000001,1.0055,25848415.146865714
116,1.3392605928330223,0.8656,0.520437895023,0.9703,0.9461,1.1781,1.0156,1.1844,1.0234,1.0709311799999999,0.9555,31877159.56427542
117,0.9982859419595286,0.9656,1.227015670023,0.9203,1.0211,0.8781,1.1156,0.8844,1.0734,0.8520211799999999,0.9805,27988371.98508997
118,1.1540264009750962,1.1656,0.757349915023,1.0203,0.8711,1.0781,0.9156,1.0844,0.9734,0.9954611800000001,1.0305,29888873.021875773
119,0.4007364250511199,0.9406,1.0518230759399998,1.0578,0.9273,0.8531,1.0906,0.9594,0.9109,0.8810562599999999,0.9617,21129917.7683298
120,0.9278727756576791,1.1406,0.5794899749399999,0.9578,1.0773,1.0531,0.8906,1.1594,1.0109,1.02699126,1.0117,30921569.60879772
121,1.060678833242891,1.0406,1.35085027044,0.9078,0.8523,0.9531,0.9906,0.8594,1.0609,0.9034787599999999,1.0367,28077072.869797025
122,1.0112913341618857,0.8406,0.85906692144,1.0078,1.0023,1.1531,1.1906,1.0594,0.9609,1.0494137600000002,0.9867,28762371.77301097
123,0.8048091712152424,0.8906,1.3331541614400002,0.9328,0.8898,1.0031,1.1406,1.0094,1.0859,0.84613501,0.9742,26703547.74534597
124,1.5757854035695187,1.0906,0.9827197274399999,1.0328,1.0398,0.8031,0.9406,0.8094,0.9859,0.9895700099999999,1.0242,30168722.050839353
125,0.39387000008115525,1.1906,1.2287285894400002,1.0828,0.9648,1.1031,0.8406,1.1094,0.9359,0.86855751,1.0492,25129009.211413436
126,0.7874160828306919,0.9906,0.6621353234399999,0.9828,1.1148,0.9031,1.0406,0.9094,1.0359,1.01199251,0.9992,24677387.19576192
127,0.522902452411426,1.1609,1.282692106368,0.9211,1.0949,1.1516,0.8109,1.1047,0.9164,0.9970303500000001,0.9559,29673740.988794435
128,1.2318894900249455,0.9609,0.8141117213679999,1.0211,0.9449,0.9516,1.0109,0.9047,1.0164,0.8528953499999999,1.0059,27313638.050133187
129,0.47171763947896295,0.8609,1.104619555368,1.0711,1.0199,1.0516,1.1109,1.0047,1.0664,1.01976285,1.0309,22719934.72099511
130,1.1423197533698963,1.0609,0.607199480368,0.9711,0.8699,0.8516,0.9109,0.8047,0.9664,0.87562785,0.9809,25077408.92674762
131,0.7539693977207859,1.0109,1.228559792243,1.0961,1.0574,0.9016,0.9609,0.8547,1.0914,1.0346266,0.9684,22653556.234201547
132,1.342191247263504,0.8109,0.660796374243,0.9961,0.9074,1.1016,1.1609,1.0547,0.9914,0.8879915999999999,1.0184,30225526.96312679
133,0.9990395369165395,0.9109,1.330464609243,0.9461,1.1324,0.8016,1.0609,0.9547,0.9414,1.0573591,1.0434,31814650.610552788
134,0.7638859347217025,1.1109,0.9794638172429999,1.0461,0.9824,1.0016,0.8609,1.1547,1.0414,0.9107240999999999,0.9934,27514320.31036233
135,0.36375465914639843,0.9859,1.209625320336,1.0836,0.8887,0.8266,1.1359,0.8797,1.0789,1.0653915600000001,1.0246,18962092.118524395
136,0.8531221547911174,1.1859,0.6283472973359999,0.9836,1.0387,1.0266,0.9359,1.0797,0.9789,0.9175015599999999,0.9746,29133391.094624966
137,0.9561907130489057,1.0859,1.257791455836,0.9336,0.9637,0.9266,0.8359,0.9797,0.9289,0.99019656,0.9996,31311013.534032077
138,1.14208719102509,0.8859,0.906034558836,1.0336,1.1137,1.1266,1.0359,1.1797,1.0289,0.8473065599999999,1.0496,31553511.80610748
139,0.7191220245279357,0.8359,1.2380206863360002,0.9086,0.9262,1.0766,1.0859,1.1297,0.9039,1.07644656,1.0121,28953203.890142303
140,1.428734164484247,1.0359,0.7648704423359999,1.0086,1.0762,0.8766,0.8859,0.9297,1.0039,0.92855656,0.9621,31751183.41885165
141,0.5304689206567338,1.1359,1.003467155336,1.0586,0.8512,1.1766,0.9859,1.0297,1.0539,1.00125156,0.9871,22936150.452447053
142,0.872109259828612,0.9359,0.5254964793360001,0.9586,1.0012,0.9766,1.1859,0.8297,0.9539,0.8583615600000001,1.0371,22816877.00267165
143,0.5086123422395131,1.0734,0.81000578048,0.9773,0.9918,0.9141,0.9484,1.1172,1.0727,0.94386285,1.0402,24867302.701940566
144,0.9534676851987268,0.8734,1.2939243004799996,1.0773,1.1418,1.1141,1.1484,0.9172,0.9727,0.89526785,0.9902,27091747.33532847
145,0.928525749738392,0.9734,0.5370141004800001,1.0273,0.9168,0.8141,1.0484,1.0172,0.9227,0.9644103500000001,0.9652,26209643.179222886
146,1.3805487093290416,1.1734,1.00069272048,0.9273,1.0668,1.0141,0.8484,0.8172,1.0227,0.92081535,1.0152,31406973.394963186
147,0.6771622880145866,1.1234,0.6354646017300001,1.0023,0.8793,1.1641,0.8984,0.8672,0.9477,0.9544491,1.0277,21734880.23819979
148,1.5104504438053168,0.9234,1.20245973673,0.9023,1.0293,0.9641,1.0984,1.0672,1.0477,0.9083540999999999,0.9777,37712918.51262035
149,0.5840951668305977,0.8234,0.95502703923,0.9523,0.9543,1.0641,1.1984,0.9672,1.0977,0.9737466,0.9527,22633731.60340539
150,0.7621528172815938,1.0234,1.31205529423,1.0523,1.1043,0.8641,0.9984,1.1672,0.9977,0.9326516000000001,1.0027,29885496.462111294
151,0.7732563315302241,0.8984,0.557729676,1.0148,1.0105,1.0891,1.0234,0.8922,0.9352,0.9958032000000001,0.9840000000000001,22843884.036257245
152,1.264902168634773,1.0984,1.099770651,0.9148,0.8605,0.8891,0.8234,1.0922,1.0352,0.9509632,1.034,33734920.983117916
153,0.8116039530827325,1.1984,0.9039530760000002,0.9648,1.0855,1.1891,0.9234,0.9922,1.0852,0.9237332,1.0090000000000001,28356170.43478133
154,0.878010558077414,0.9984,1.272506351,1.0648,0.9355,0.9891,1.1234,1.1922,0.9852,0.8788931999999999,0.9590000000000001,28520654.07063616
155,0.48023830161521325,0.9484,0.7395851103750001,0.9898,1.123,0.8391,1.1734,1.1422,1.0602,1.0327757,0.9965,25304068.444333423
156,1.2150291277962544,1.1484,1.219004685375,1.0898,0.973,1.0391,0.9734,0.9422,0.9602,0.9879357,1.0465,29489286.977433387
157,0.6501861053836326,1.0484,0.497628660375,1.0398,1.048,0.9391,0.8734,1.0422,0.9102,0.9594557,1.0215,25323441.678051375
158,1.051166732122151,0.8484,0.9800445853750002,0.9398,0.898,1.1391,1.0734,0.8422,1.0102,0.9146156999999999,0.9715,25441168.67528268
159,0.47532594427258257,1.1047,0.5289314845440001,1.0805,1.0434,0.8453,1.1922,1.1484,0.9945,0.86853074,1.023,23619343.192207966
160,0.9768712392973458,0.9047,0.9922297045440001,0.9805,0.8934,1.0453,0.9922,0.9484,1.0945,0.91369074,0.973,25784999.338949002
161,0.8675894234534769,0.8047,0.761515844544,0.9305,1.1184,0.9453,0.8922,1.0484,1.0445,0.94029074,0.998,28868634.59911048
162,0.9184600049039622,1.0047,1.229087084544,1.0305,0.9684,1.1453,1.0922,0.8484,0.9445,0.9854507399999999,1.048,25216238.38687704
163,0.6811878253307513,1.0547,0.878765560794,0.9055,1.0809,1.0953,1.0422,0.8984,1.0195,0.90409824,1.0105,25277323.428877734
164,2.1475450988203884,0.8547,1.4883993117940002,1.0055,0.9309,0.8953,0.8422,1.0984,0.9195,0.94925824,0.9605,43628547.12519982
165,0.7208770747107087,0.9547,0.679239456294,1.0555,1.0059,1.1953,0.9422,0.9984,0.9695,0.97710824,0.9855,24381763.695512336
166,0.8729712799935312,1.1547,1.055308415294,0.9555,0.8559,0.9953,1.1422,1.1984,1.0695,1.0222682399999998,1.0355,28656561.30860716
167,0.5062392844099787,0.9297,0.789217413138,0.9179999999999999,0.9496,1.1703,0.8672,0.8734,1.0070000000000001,0.94643406,0.9543,20761024.002156425
168,1.3495557615207723,1.1297,1.3723163316379998,1.018,1.0996,0.9703,1.0672,1.0734,0.907,0.9903390599999999,1.0043,37250150.975466385
169,0.5970000646153439,1.0297,0.625222771388,1.068,0.8746,1.0703,1.1672,0.9734,0.9570000000000001,0.9207315600000001,1.0293,21419529.99096361
170,0.7649913867432887,0.8297,1.012496772888,0.968,1.0246,0.8703,0.9672,1.1734,1.057,0.9696365599999999,0.9793,28038478.726936437
171,0.46785312201323465,0.8797,0.464499010888,1.093,0.9121,0.9203,0.9172,1.1234,0.982,0.9583478099999999,0.9668,20974393.49886021
172,1.1544874951713364,1.0797,0.921994730388,0.993,1.0621,1.1203,1.1172,0.9234,1.082,0.99975281,1.0168,28904616.880699415
173,0.9937830333638167,1.1797,0.7290555421380001,0.943,0.9871,0.8203,1.0172,1.0234,1.032,0.93389531,1.0418,29780785.51812629
174,1.0846684417155072,0.9797,1.216835242638,1.043,1.1371,1.0203,0.8172,0.8234,0.932,0.9803003100000001,0.9918,27077122.376232456
175,0.6013656155575591,1.0172,1.0428406752029997,1.0242,0.8652,1.0828,1.0547,1.1359,1.0383,0.8314694499999999,0.9824,24453852.749836806
176,1.1101198616362544,0.8172,0.5691140352030001,0.9242,1.0152,0.8828,0.8547,0.9359,0.9383,0.97373445,1.0324,29297444.448738296
177,0.701355184004738,0.9172,1.282637612703,0.9742,0.9402,1.1828,0.9547,1.0359,0.9883,0.90135195,1.0074,26944987.620658074
178,0.8924555567649174,1.1172,0.802834112703,1.0742,1.0902,0.9828,1.1547,0.8359,1.0883,1.04861695,0.9574,22614576.865266897
179,0.38127100669037167,1.1672,1.437759662328,0.9992,0.9777,0.8328,1.1047,0.8859,0.9633,0.8429157,0.9949,22495970.237776306
180,1.4060611175828792,0.9672,0.855922151328,1.0992,1.1277,1.0328,0.9047,1.0859,1.0633,0.9851807000000001,1.0449,31695696.887678385
181,0.8793224036733602,0.8672,1.134035469328,1.0492,0.9027,0.9328,0.8047,0.9859,1.0133,0.9127982,1.0199,25520176.55852024
182,0.8849888739664035,1.0672,0.7417175903279999,0.9492,1.0527,1.1328,1.0047,1.1859,0.9133,1.0600632,0.9699,31509605.76393658
183,0.4513250710706219,0.8422,1.4283817085999997,0.9867,1.1465,0.9078,0.9797,0.8609,0.9508,0.87092496,1.0387,22537287.43418297
184,1.6374589048315669,1.0422,0.8325535686,1.0867,0.9965,1.1078,1.1797,1.0609,1.0508,1.01443496,0.9887,32147648.977542955
185,1.0219570375163756,1.1422,1.0624740335999998,1.0367,1.0715,0.8078,1.0797,0.9609,1.0008,0.8486599599999999,0.9637,29171131.91622036
186,1.361542359729634,0.9422,0.6694216736,0.9367,0.9215,1.0078,0.8797,1.1609,0.9008,0.9921699599999999,1.0137,35398167.69442794
187,0.716208512991677,0.9922,0.9960298435999999,1.0117,1.034,1.1578,0.8297,1.1109,1.0258,0.90586496,1.0262,27529831.902790785
188,1.1689571763993067,1.1922,0.5160996486000001,0.9117,0.884,0.9578,1.0297,0.9109,0.9258,1.0518749600000001,0.9762,30361785.27931865
189,0.6023552589534958,1.0922,1.1770333911,0.9617,1.109,1.0578,1.1297,1.0109,0.9758,0.88359996,0.9512,27730516.274376582
190,0.5512194360652138,0.8922,0.7174268361,1.0617,0.9590000000000001,0.8578,0.9297,0.8109,1.0758,1.02960996,1.0012,17433208.68264125
191,0.4711110955271424,0.9016,0.9040367512799999,1.0289,1.0738,0.9609,1.1141,0.9016,0.9617,0.94043202,1.0488,21244483.715126272
192,0.9006336392995947,1.1016,1.37866954028,0.9289,0.9238,1.1609,0.9141,1.1016,1.0617,1.08957702,0.9988,30887532.487950318
193,1.0244964232210576,1.0016,0.67292333478,0.9789,1.1488,0.8609,0.8141,0.8016,1.0117,0.8696095199999999,0.9738,24782295.76967201
194,0.979927094143073,0.8016,1.1415898957800001,1.0789,0.9988,1.0609,1.0141,1.0016,0.9117,1.01375452,1.0238,27517991.88791388
195,0.6679206542314247,0.8516,0.6134825932800001,0.9539,1.1113,1.1109,1.0641,1.0516,1.0367,0.9047082700000001,1.0363,25879547.78269204
196,1.4911755697565117,1.0516,1.02509159928,1.0539,0.9613,0.9109,0.8641,0.8516,0.9367,1.05135327,0.9863,30132883.699164905
197,0.5064310891199953,1.1516,0.7497176772799999,1.0039,1.0363,1.0109,0.9641,1.1516,0.9867,0.8351357699999999,0.9613,25998791.727661967
198,0.9669970997975446,0.9516,1.32608527128,0.9039,0.8863,0.8109,1.1641,0.9516,1.0867,0.9767807699999999,1.0113,28209708.472108725
199,0.7722493870312648,1.1266,0.528978960111,0.9664,0.9426,1.0359,0.8391,1.0766,1.0492,0.8756277600000001,0.9801,26199718.032316554
200,1.2524185366124896,0.9266,0.9302448771110001,1.0664,1.0926,0.8359,1.0391,0.8766,0.9492,1.0210177599999999,1.0301,27985664.741743185
201,0.6368305866415582,0.8266,0.703210927611,1.0164,0.8676,1.1359,1.1391,1.1766,0.9992,0.89781276,1.0051,23426812.658382155
202,1.138024053566579,1.0266,1.2802940806110001,0.9164,1.0176,0.9359,0.9391,0.9766,1.0992,1.04320276,0.9551,31894491.829939257
203,0.42448070769497953,1.0766,0.836017330736,1.0414,0.9051,0.8859,0.9891,0.9266,0.9742,0.86359776,0.9926,20435950.8985893
204,1.1896294013310247,0.8766,1.303396229736,0.9414,1.0551,1.0859,1.1891,1.1266,1.0742,1.00898776,1.0426,33739814.14327481
205,0.7287296386825789,0.9766,0.638145298736,0.9914,0.9801,0.9859,1.0891,0.8266,1.0242,0.88703276,1.0176,20735754.639269114
206,0.809887961894857,1.1766,1.1239192197360002,1.0914,1.1301,1.1859,0.8891,1.0266,0.9242,1.03242276,0.9676,29138537.017442275
207,0.6457183690391222,0.8141,1.4174654627519998,1.0727,0.877,1.1234,1.0266,0.9141,1.0055,0.9747444799999999,0.9582,22167437.441713814
208,1.274832295541529,1.0141,0.942071854752,0.9727,1.0270000000000001,0.9234,0.8266,1.1141,0.9055,1.01849448,1.0082,35519272.01137677
209,0.536135030942928,1.1141,1.175128773252,0.9227,0.9520000000000001,1.0234,0.9266,0.8141,0.9555,0.9020494800000001,1.0332,22058356.55348481
210,0.7309810310982331,0.9141,0.706724811252,1.0227,1.102,0.8234,1.1266,1.0141,1.0555,0.9457994800000001,0.9832,25288734.842028864
211,0.5927115230143466,0.9641,0.981664947627,0.9477,0.9895,0.9734,1.1766,1.0641,0.9805,0.9622444800000001,0.9707,26014864.732620306
212,1.2537600261327846,1.1641,0.603533161627,1.0477,1.1395,1.1734,0.9766,0.8641,1.0805,1.00849448,1.0207,27092926.506461773
213,0.8067961500812292,1.0641,1.400765901127,1.0977,0.9145,0.8734,0.8766,1.1641,1.0305,0.88954948,1.0457,27710622.51265787
214,1.2100721582076968,0.8641,0.804065867127,0.9977,1.0645,1.0734,1.0766,0.9641,0.9305,0.9357994799999999,0.9957,30522580.534974966
215,0.4321202492593683,1.0391,0.9630135542100001,0.9352,1.1207,0.8984,0.9016,1.0891,0.993,0.91914655,1.0145,26470883.703341495
216,1.1509898353112877,0.8391,0.56288717121,1.0352,0.9707,1.0984,1.1016,0.8891,1.093,0.9666515499999999,0.9645,23983460.926025424
217,0.7583920574896629,0.9391,1.3205604077100002,1.0852,1.0457,0.9984,1.0016,1.1891,1.043,0.94414905,0.9895,28278337.310742788
218,1.5879375630370565,1.1391,0.7367719407100001,0.9852,0.8957,1.1984,0.8016,0.9891,0.943,0.98665405,1.0395,34837579.258620396
219,0.7822301358625233,1.1891,1.37596010496,1.0602,1.0082,1.0484,0.8516,0.9391,1.018,0.8831103,1.002,26758900.100852698
220,1.2566714777003287,0.9891,0.89332785696,0.9602,0.8582,0.8484,1.0516,1.1391,0.9179999999999999,0.9306153,0.9520000000000001,33208540.747934457
221,0.874712529022342,0.8891,1.07530486096,0.9102,1.0832,1.1484,1.1516,0.8391,0.968,0.9081128,0.977,26160508.598693255
222,0.7275392444052502,1.0891,0.62305600896,1.0102,0.9332,0.9484,0.9516,1.0391,1.068,0.9506178000000001,1.0270000000000001,24538030.8195013
223,0.4972833482028148,0.9578,1.1510940507749998,0.9695,1.0879,1.0422,0.8828,0.9453,0.9273,1.0094573500000001,0.9785,24730282.387510303
224,1.7042696983959997,1.1578,0.681336290775,1.0695,0.9379,0.8422,1.0828,1.1453,1.0273,0.9669523500000001,1.0285,33664765.00602132
225,0.7271107448526146,1.0578,1.453382495775,1.0195,1.0129,1.1422,1.1828,0.8453,1.0773,0.98945485,1.0035,23819339.58415565
226,1.0491747930139055,0.8578,0.9652567057750001,0.9195,0.8629,0.9422,0.9828,1.0453,0.9773,0.94194985,0.9535,29724753.731519274
227,0.5136625416648819,0.8078,1.2030195339,1.0445,1.0504,0.8922,0.9328,1.0953,1.0523,0.9730310999999999,0.991,25072428.021384258
228,0.9584083680727065,1.0078,0.8420085939,0.9445,0.9004,1.0922,1.1328,0.8953,0.9523,0.9305261,1.041,26636338.03410533
229,0.9453517978775811,1.1078,1.0865349264,0.9945,1.1254,0.9922,1.0328,1.1953,0.9023,0.9530286,1.016,33723419.372193776
230,0.7832842376069685,0.9078,0.5365485664,1.0945,0.9754,1.1922,0.8328,0.9953,1.0023,0.9055236,0.966,22979441.218978222
231,0.520744793605985,1.1828,1.1929927081200002,1.032,0.9191,0.9672,1.1578,1.0703,1.0648,0.932412,1.0473,24867358.002908293
232,1.0603889060344298,0.9828,0.8098511231199998,0.932,1.0691,1.1672,0.9578,0.8703,0.9648,0.8886620000000001,0.9973,28507713.41871757
233,1.0288203903446105,0.8828,1.0130944156200001,0.982,0.9941,0.8672,0.8578,1.1703,0.9148,1.004637,0.9723,32018983.341151644
234,1.1670093756323687,1.0828,0.47525116061999995,1.082,1.1441,1.0672,1.0578,0.9703,1.0148,0.960887,1.0223,27993688.990238477
235,0.5897551843373589,1.0328,1.10679369312,0.9570000000000001,0.9566,1.1172,1.0078,0.9203,0.9398,0.922412,1.0348,24288336.920237653
236,1.8310692343654975,0.8328,0.6311413231199999,1.057,1.1066,0.9172,0.8078,1.1203,1.0398,0.876162,0.9848,35438063.824191615
237,0.5555793318461263,0.9328,1.3426118031200003,1.0070000000000001,0.8816,1.0172,0.9078,0.8203,1.0898,0.9946369999999999,0.9598,20087207.25116486
238,0.6634411267574862,1.1328,0.86944683312,0.907,1.0316,0.8172,1.1078,1.0203,0.9898,0.9483870000000001,1.0098,27478864.261119004
239,0.33684742896053926,0.8703,0.682838608128,0.9258,0.966,0.8797,0.9703,0.9328,1.0836,1.03432032,1.0129,19263957.033618245
240,1.0502500569788065,1.0703,1.172967308128,1.0258,1.1159999999999999,1.0797,1.1703,1.1328,0.9836,0.88986532,0.9629,32622629.966211915
241,0.8943738361732309,1.1703,0.8820890351280001,1.0758,0.8909999999999999,0.9797,1.0703,0.8328,0.9336,1.01275782,0.9879,23031786.846868932
242,0.936008190818374,0.9703,1.344527675128,0.9758,1.041,1.1797,0.8703,1.0328,1.0336,0.86830282,1.0379,30384136.70380148
243,0.8969015076663303,0.9203,0.8254217446280001,1.0508,0.8535,1.0297,0.8203,1.0828,0.9086,1.02385157,1.0004,26449926.449685477
244,1.8807672201393917,1.1203,1.196848163628,0.9508,1.0035,0.8297,1.0203,0.8828,1.0086,0.87939657,0.9504,38218825.596137
245,0.6574890029425758,1.0203,0.519774361128,0.9008,0.9285,1.1297,1.1203,1.1828,1.0586,1.00103907,0.9754,25768802.131933894
246,0.8029886412688153,0.8203,1.077282782128,1.0008,1.0785,0.9297,0.9203,0.9828,0.9586,0.8565840699999999,1.0254,27143448.21927642
247,0.602518712347854,1.0953,0.735138416535,1.0633,1.0223,1.1047,1.0953,1.0578,0.9211,0.99410278,0.9566,25124644.168733273
248,1.008670892055055,0.8953,1.096857065535,0.9633,0.8723,0.9047,0.8953,0.8578,1.0211,0.85090278,1.0066,25419261.283090502
249,0.7992640120108694,0.9953,0.4690311535350001,0.9133,1.0973,1.0047,0.9953,1.1578,1.0711,1.06945278,1.0316,28895505.041548498
250,0.9536798601617267,1.1953,1.026767804535,1.0133,0.9473,0.8047,1.1953,0.9578,0.9711,0.9212527800000001,0.9816,27946810.574949276
251,0.4413348974673192,1.1453,0.61395694866,0.9383,1.1348,0.9547,1.1453,0.9078,1.0961,0.9573652799999999,0.9691,21960775.917916443
252,1.5948554793791727,0.9453,1.09782463266,1.0383,0.9848,1.1547,0.9453,1.1078,0.9961,0.81666528,1.0191,34977504.05681598
253,0.8832917085907322,0.8453,0.8562549781600001,1.0883,1.0598,0.8547,0.8453,0.8078,0.9461,1.03146528,1.0441,21511147.841250658
254,0.8699003825168671,1.0453,1.33351284416,0.9883,0.9098,1.0547,1.0453,1.0078,1.0461,0.88576528,0.9941,27731560.888356805
255,0.6687238578536134,1.1117,0.777751631748,0.9574,0.9209,0.9289,1.0055,0.8508,0.9723,0.97257134,1.0225,22246143.22001078
256,1.5070408978282046,0.9117,1.360076390748,1.0574,1.0709,1.1289,0.8055,1.0508,1.0723,1.0185113399999999,0.9725,33890305.698145516
257,0.7944267226633636,0.8117,0.612122148248,1.0074,0.9959,0.8289,0.9055,0.9508,1.0223,0.89958134,0.9975,23571620.007688325
258,0.9358733232238369,1.0117,1.001089379248,0.9074,1.1459,1.0289,1.1055,1.1508,0.9223,0.9455213400000001,1.0475,34188709.27676529
259,0.5148764913789909,1.0617,0.7010569212479999,1.0324,0.9584,1.1789,1.1555,1.1008,1.0473,0.93576384,1.01,23423776.43684564
260,0.9422407115023823,0.8617,1.171515541248,0.9324,1.1084,0.9789,0.9555,0.9008,0.9473,0.98170384,0.96,29189974.776157025
261,0.7746423243926238,0.9617,0.984162988248,0.9824,0.8834,1.0789,0.8555,1.0008,0.9973,0.86402384,0.985,25617123.707157336
262,1.1441853303668112,1.1617,1.4848401082479998,1.0824,1.0334,0.8789,1.0555,0.8008,1.0973,0.90996384,1.035,25462655.83732343
263,0.5353055362030679,0.9367,0.6419015140500001,1.0449,1.0896,1.0539,0.9305,1.1258,1.0348,0.9175475699999999,0.9537,24694237.390328474
264,1.3239618144905185,1.1367,1.11180945155,0.9449,0.9396,0.8539,1.1305,0.9258,0.9348,0.96348257,1.0037,33584873.730296314
265,0.8465027895858536,1.0367,0.8778259203,0.9949,1.0146,1.1539,1.0305,1.0258,0.9848,0.94176507,1.0287,27970015.93233782
266,1.4305373393452472,0.8367,1.3518377328,1.0949,0.8646,0.9539,0.8305,0.8258,1.0848,0.98270007,0.9787,25341478.11515405
267,0.721117614958308,0.8867,0.7401407727999999,0.9699,1.0521,0.8039,0.8805,0.8758,0.9598,0.90450132,0.9662,23331988.105993424
268,1.2466840359106566,1.0867,1.3295864253,1.0699,0.9021,1.0039,1.0805,1.0758,1.0598,0.9529363199999998,1.0162,30489561.008274578
269,0.5846499619887386,1.1867,0.5365205365500001,1.0199,1.1271,0.9039,1.1805,0.9758,1.0098,0.9299688199999999,1.0412,24430613.94544828
270,0.6651856984510555,0.9867,0.92074563405,0.9199,0.9771,1.1039,0.9805,1.1758,0.9098,0.9734038199999999,0.9912,28517186.92791882
271,0.4260210351273635,1.0242,1.31853821964,0.9387,1.024,1.1914,1.143,0.8633,1.016,0.90817632,0.9818,21864794.32288202
272,0.9131345967584524,0.8242,0.74342297964,1.0387,0.8740000000000001,0.9914,0.943,1.0633,0.9159999999999999,1.0547763199999998,1.0318,26093507.64771927
273,0.9438973648786014,0.9242,0.9679653446400001,1.0887,1.099,1.0914,0.843,0.9633,0.966,0.83862632,1.0068,26937949.640306097
274,0.7963139829651363,1.1242,0.57814362464,0.9887,0.9490000000000001,0.8914,1.043,1.1633,1.0659999999999998,0.9802263200000001,0.9568,26800908.970270116
275,0.8036969273629797,1.1742,1.1650975346399999,1.0637,1.1365,0.9414,1.093,1.1133,0.991,0.89700382,0.9943,30195817.378316402
276,1.6935806440412036,0.9742,0.6845834296400001,0.9637,0.9865,1.1414,0.893,0.9133,1.091,1.04360382,1.0443,32757240.869968116
277,0.4829812339721871,0.8742,1.33798245714,0.9137,1.0615,0.8414,0.993,1.0133,1.041,0.8274538199999999,1.0193,25778331.407694165
278,1.0965096052563954,1.0742,0.8776571021400001,1.0137,0.9115,1.0414,1.193,0.8133,0.941,0.96905382,0.9693,25192264.322097223
279,0.5661097129960861,0.8492,1.1053366487150003,1.0512,0.9678,0.8164,0.818,1.1383,0.9785,0.89113599,1.0381,25045047.03082303
280,1.1619437610971795,1.0492,0.6240965187149999,0.9512,1.1178,1.0164,1.018,0.9383,1.0785,1.03773099,0.9881,29661823.766059693
281,0.5937308818136967,1.1492,1.3481064012150001,0.9012,0.8928,0.9164,1.1179999999999999,1.0383,1.0285,0.91347849,0.9631,27052990.964628655
282,1.0848534354263322,0.9492,0.8620712712149999,1.0012,1.0428,1.1164,0.9179999999999999,0.8383,0.9285,1.06007349,1.0131,26643720.681599945
283,0.5828452086050353,0.9992,1.2268420718400002,0.9262,0.8553,1.0664,0.968,0.8883,1.0035,0.85604974,1.0256,22847405.19251979
284,1.1362204942919087,1.1992,0.67052435184,1.0262,1.0053,0.8664,1.168,1.0883,0.9035,1.0001447399999999,0.9756,31775957.651417874
285,0.9502832408941914,1.0992,0.9360747743400001,1.0762,0.9303,1.1664,1.068,0.9883,0.9535,0.8783922399999999,0.9506,26626010.416648917
286,0.9711908576376799,0.8992,0.5291309843399999,0.9762,1.0803,0.9664,0.868,1.1883,1.0535,1.02248724,1.0006,29405871.699004505
287,0.35129271419265024,1.1555,1.114603908876,1.0418,0.935,1.0727,0.9992,0.8945,0.9379,1.0433409,0.9553,20774364.53201315
288,1.210616602758272,0.9555,0.5363285358759999,0.9418,1.085,0.8727,1.1992,1.0945,1.0379,0.8976759000000001,1.0053,32087701.40877047
289,1.133575709027744,0.8555,1.180779989376,0.9918,0.86,1.1727,1.0992,0.9945,1.0879,1.0206834,1.0303,27951075.52255146
290,1.0834032421804884,1.0555,0.812495972376,1.0918,1.01,0.9727,0.8992,1.1945,0.9879,0.8750184,0.9803,29541419.350630168
291,0.8351302461172725,1.0055,1.357221283376,0.9668,0.8975,0.8227,0.8492,1.1445,1.0629,1.0059871500000002,0.9678,29055534.400188584
292,1.4736914920848545,0.8055,0.8906117133760001,1.0668,1.0475,1.0227,1.0492,0.9445,0.9629,0.8628221500000001,1.0178,30331041.871718712
293,0.6205484217548053,0.9055,1.126622873376,1.0168,0.9725,0.9227,1.1492,1.0445,0.9129,0.98332965,1.0428,25754107.530002415
294,0.8020933746456823,1.1055,0.6537338033760002,0.9168,1.1225,1.1227,0.9492,0.8445,1.0129,0.84016465,0.9928,24790917.04051389
295,0.7831563542883975,0.9805,1.2660155549940002,0.9543,1.0662,0.9477,1.0742,1.1195,1.0504,1.0005050999999998,1.024,29963010.852259617
296,1.2770385683752226,1.1805,0.810366037494,1.0543,0.9162,1.1477,0.8742,0.9195,0.9504,0.8573451,0.9740000000000001,28871278.957504813
297,0.9964416385796419,1.0805,1.095290401744,1.0043,1.1412,0.8477,0.9742,1.0195,0.9004,1.0758351,0.9990000000000001,32551657.2669256
298,0.9472753413189209,0.8805,0.609062759244,0.9043,0.9912,1.0477,1.1742,0.8195,1.0004,0.9276751000000001,1.0490000000000002,24041552.202605836
299,0.3707519992289591,0.8305,0.9991324657439998,1.0293,1.1037,1.1977,1.1242,0.8695,0.9254,0.9891776,1.0115,19868246.686770804
300,1.4919769998207875,1.0305,0.453340612244,0.9293,0.9537,0.9977,0.9242,1.0695,1.0254,0.8460175999999999,0.9615,34780904.869203605
301,0.6122117257524017,1.1305,1.124243575994,0.9793,1.0287,1.0977,0.8242,0.9695,1.0754,1.0645075999999998,0.9865,26115602.0299703
302,0.8253257711812234,0.9305,0.750105769494,1.0793,0.8787,0.8977,1.0242,1.1695,0.9754,0.9163475999999999,1.0365,25387439.491710518
303,0.42891296866460354,1.068,0.526612766616,1.0605,1.1131,0.8102,0.8617,0.882,1.0941,0.9849983999999999,1.0396,19835421.80663221
304,1.5736459075799223,0.868,1.071569502616,0.9605,0.9631,1.0102,1.0617,1.082,0.9941,0.9434384,0.9896,36702735.339830495
305,0.5331856526344971,0.968,0.8704160156159999,0.9105,1.0381,0.9102,1.1617,0.982,0.9441,0.9654683999999999,0.9646,25266539.26244529
306,0.7428810358912791,1.168,1.2494137396159999,1.0105,0.8881,1.1102,0.9617,1.182,1.0441,0.9189084,1.0146,28299063.265755687
307,0.6169682153314916,1.1179999999999999,0.926156006116,0.9355,1.0006,1.0602,0.9117,1.1320000000000001,0.9191,0.9755459000000001,1.0271,28755343.73614613
308,1.11893860348515,0.9179999999999999,1.398537861116,1.0355,0.8506,0.8602,1.1117,0.932,1.0191,0.9314859,0.9771,27769960.278193917
309,0.8662866603429171,0.818,0.6851860786160001,1.0855,1.0756,1.1602,1.0117,1.032,1.0691,0.9547659000000001,0.9521,25391713.367851913
310,0.8535361683925613,1.018,1.163346683616,0.9855,0.9256,0.9602,0.8117,0.8320000000000001,0.9691,0.9057059000000001,1.0021,24676822.734508075
311,0.3827078760546395,0.893,0.889079772609,0.948,0.8693,1.1852,1.1867,1.107,0.9066,0.9575463899999999,0.9834,22558722.827204946
312,1.009852918840546,1.093,1.372930167609,1.048,1.0193,0.9852,0.9867,0.907,1.0066,0.9134813900000001,1.0334,28341547.67880664
313,1.0122884967052934,1.193,0.6114634461089999,1.0979999999999999,0.9443,1.0852,0.8867,1.0070000000000001,1.0566,1.03069389,1.0084,26239478.79632127
314,1.184488580676636,0.993,1.076129341109,0.998,1.0943,0.8852,1.0867,0.807,0.9566,0.9866288899999999,0.9584,27942599.4020749
315,0.671028242194198,0.943,0.496610737984,1.073,0.9818,0.9352,1.0367,0.857,1.0816,0.92191014,0.9959,19244030.70756304
316,1.625478689612664,1.143,1.061311140984,0.973,1.1318,1.1352,0.8367,1.057,0.9816,0.87784514,1.0459,40149890.2615887
317,0.7366271271174766,1.043,0.806458755984,0.9229999999999999,0.9068,0.8352,0.9367,0.9570000000000001,0.9316,0.99380764,1.0209,26300941.16076052
318,0.7508852033026958,0.843,1.191680892984,1.023,1.0568,1.0352,1.1367,1.157,1.0316,0.9497426400000001,0.9709,28220388.41997137
319,0.4160513315421234,0.9523,1.3707295284480001,1.0934,0.9467,1.1320000000000001,0.9211,1.0539,0.9051,0.94419515,0.9795,24139448.395517487
320,1.0018217173009236,1.1523,0.9993844084479999,0.9934,1.0967,0.932,1.1211,0.8539,1.0051,0.89685015,1.0295,27435380.886612993
321,0.7593568668386987,1.0523,1.1966964684480002,0.9434,0.8717,1.032,1.0211,1.1539,1.0551,0.9641176499999999,1.0045,28376429.310001202
322,1.1658045386721005,0.8523,0.635642728448,1.0434,1.0217,0.8320000000000001,0.8211,0.9539,0.9551,0.92177265,0.9545,27907387.14861532
323,0.9652741075545065,0.8023,1.0207807136980003,0.9184,0.9092,0.982,0.8711,0.9039,1.0801,0.9804564000000001,0.992,26183707.86171774
324,1.6750243701806953,1.0023,0.551132752698,1.0184,1.0592,1.182,1.0711,1.1039,0.9801,0.9331113999999999,1.042,36305647.741781294
325,0.7059154874046009,1.1023,1.252895163198,1.0684,0.9842,0.882,1.1711,0.8039,0.9301,1.0003788999999998,1.0170000000000001,22393256.493277993
326,0.8020464711786576,0.9023,0.787009014198,0.9684,1.1342,1.082,0.9711,1.0039,1.0301,0.9580339,0.9670000000000001,27740475.747950006
327,0.6400376049969436,1.1773,0.9624559713750002,0.9059,1.0404,0.857,1.0461,0.9289,1.0926,0.9987688,1.0482,25808172.49653903
328,1.1128812931980308,0.9773,0.49331223137499997,1.0059,0.8904,1.057,0.8461,1.1289,0.9926,0.9514288000000001,0.9982,28910059.475178927
329,0.7653461604587216,0.8773,1.2549725113750003,1.0559,1.1154,0.9570000000000001,0.9461,0.8289,0.9426,0.9262488,0.9732,23693277.71698801
330,0.8011927494192969,1.0773,0.7668575013750001,0.9559,0.9654,1.157,1.1461,1.0289,1.0426,0.8789088,1.0232,27058910.522157885
331,0.49088862698419206,1.0273,1.279373472,1.0809,1.0779,1.0070000000000001,1.1961,1.0789,0.9176,1.0090412999999998,1.0357,26500294.190164264
332,1.1952114250663635,0.8273,0.9124296570000001,0.9809,0.9279,0.807,0.9961,0.8789,1.0176,0.9642012999999999,0.9857,27362904.417218477
333,0.6865720104124312,0.9273,1.1636382870000002,0.9309,1.0029,1.107,0.8961,1.1789,1.0676,0.9365213000000002,0.9607,28778912.209814787
334,1.3300084195320705,1.1273,0.595504602,1.0309,0.8529,0.907,1.0961,0.9789,0.9676,0.8916813,1.0107,29322477.380968332
335,0.5427106035089929,0.8648,0.97554711576,1.0121,1.1436,0.9945,0.8336,1.0664,1.0613,1.01692341,1.0139,26176360.356413107
336,1.2298981405290432,1.0648,1.3199134457600004,0.9121,0.9936,1.1945,1.0336,0.8664,0.9613,0.87125841,0.9639,32779433.906213563
337,0.6293438363935919,1.1648,0.69465609576,0.9621,1.0686,0.8945,1.1336,1.1664,0.9113,1.03997091,0.9889,28967815.426067945
338,1.2130945789914558,0.9648,1.2824068857600002,1.0621,0.9186,1.0945,0.9336,0.9664,1.0113,0.89430591,1.0389,29146676.443888564
339,0.5380547161246958,0.9148,0.5927313082600001,0.9871,1.0311,1.1445,0.9836,0.9164,0.9363,1.0287596600000002,1.0014,22033449.656989064
340,1.0841188253357064,1.1148,1.07045440326,1.0871,0.8811,0.9445,1.1836,1.1164,1.0363,0.8830946599999999,0.9514,28549599.309712254
341,0.8136794226060647,1.0148,0.83191410576,1.0371,1.1061,1.0445,1.0836,0.8164,1.0863,1.0505571599999999,0.9764,22123794.45522162
342,0.8602579704406831,0.8148,1.3024856307600001,0.9371,0.9561,0.8445,0.8836,1.0164,0.9863,0.9048921600000001,1.0264,29041429.971150544
343,0.49577194810655634,1.0898,0.5329423224800001,0.9996,0.8623,1.0195,1.1086,0.9414,0.9488,1.0343905,0.9576,20802406.256033007
344,1.2628907768383937,0.8898,1.01093091498,1.0996,1.0123,0.8195,0.9086,1.1414,1.0488,0.8887305000000001,1.0076,30297674.873348482
345,1.1620529312443493,0.9898,0.73355620373,1.0496,0.9373,1.1195,0.8086,0.8414,1.0988,0.9603105,1.0326,24041656.281746954
346,1.2709347535842155,1.1898,1.18291137123,0.9496,1.0873,0.9195,1.0086,1.0414,0.9988,0.8196505,0.9826,36284555.01745492
347,0.7717282713364836,1.1398,0.9367641037300001,1.0246,0.9748,0.8695,1.0586,1.0914,1.0738,1.072368,0.9701,27395866.999566533
348,1.2848883314430508,0.9398,1.29728469123,0.9246,1.1248,1.0695,0.8586,0.8914,0.9738,0.9242079999999999,1.0201,34165166.217376076
349,0.41939336224770074,0.8398,0.6203286649799999,0.9746,0.8998,0.9695,0.9586,1.1914,0.9238,0.9970379999999999,1.0451,22722922.788430072
350,0.7358919140238886,1.0398,1.18853933748,1.0746,1.0498,1.1695,1.1586,0.9914,1.0238,0.853878,0.9951,26183227.504399884
351,0.5674933870553253,0.9086,0.7160299518240001,0.909,0.8951,0.8633,1.0773,1.0977,0.9832,0.83538304,1.0498,24481865.29983786
352,1.3321789295266202,1.1086,1.086069457824,1.0090000000000001,1.0451,1.0633,0.8773,0.8977,1.0832,0.9773030400000001,0.9998,30549656.08878282
353,0.6341272571041153,1.0086,0.864488677824,1.0590000000000002,0.9701,0.9633,0.9773,1.1977,1.0332,0.90509304,0.9748,25850135.91400831
354,0.8159888689143707,0.8086,1.4473579318239997,0.9590000000000001,1.1201,1.1633,1.1773,0.9977,0.9332,1.05201304,1.0248,30329238.93561664
355,0.60218186772239,0.8586,0.7943221623240001,1.084,0.9326,1.0133,1.1273,0.9477,1.0082,0.86992554,1.0373,21065682.264663327
356,1.5687518482863627,1.0586,1.2610330973239998,0.9840000000000001,1.0826,0.8133,0.9273,1.1477,0.9082,1.0143455399999999,0.9873,41176901.68080117
357,0.9772644684738566,1.1586,0.5939301518240001,0.934,0.8576,1.1133,0.8273,0.8477,0.9582,0.94088554,0.9623,25908299.925422203
358,0.9066485103537333,0.9586,1.079990476824,1.034,1.0076,0.9133,1.0273,1.0477,1.0582,1.0903055400000001,1.0123,28070961.026133783
359,0.3282680737677648,1.1336,0.7551586724380001,1.0965,1.1014,1.1383,0.9523,0.9227,1.0207,0.8754446599999999,0.9811,20937843.86476234
360,1.3382469124754695,0.9336,1.234311136938,0.9965,0.9514,0.9383,1.1523,1.1227,0.9207,1.0198596599999998,1.0311,35252803.413692966
361,1.0122653937935708,0.8336,0.519255436688,0.9465,1.0264,1.0383,1.0523,0.8227,0.9707,0.85224216,1.0061,24519905.40564265
362,1.1826004792673674,1.0336,0.9949873421879999,1.0465,0.8764,0.8383,0.8523,1.0227,1.0707,0.9966571600000002,0.9561,28574894.849166304
363,0.768532189050838,1.0836,0.6878966089380001,0.9215,1.0639,0.9883,0.8023,1.0727,0.9957,0.88610841,0.9936,29363792.4369241
364,1.1860029160521623,0.8836,1.085643357438,1.0215,0.9139,1.1883,1.0023,0.8727,1.0957,1.03052341,1.0436,26133570.97036165
365,0.6951419757774803,0.9836,0.809891109188,1.0715,1.1389,0.8883,1.1023,1.1727,1.0457,0.86415591,1.0186,27575238.268075887
366,0.7555956174957515,1.1836,1.3869542306879998,0.9715,0.9889,1.0883,0.9023,0.9727,0.9457,1.00857091,0.9686,29234379.638365846
367,0.5300257273891862,0.8211,1.091998908,0.9902,1.0170000000000001,1.0008,1.1648,1.0852,1.0270000000000001,0.8900813,0.9592,25006190.38759582
368,1.0108839171286188,1.0211,0.7061364480000002,1.0902,0.867,0.8008,0.9648,0.8852,0.927,0.9352413,1.0092,23882853.045588817
369,1.1731232522909791,1.1211,1.4637383680000002,1.0402,1.092,1.1008,0.8648,1.1852,0.977,0.9626013,1.0342,35676217.803853855
370,0.9888263230807975,0.9211,0.8662483280000002,0.9402,0.9420000000000001,0.9008,1.0648,0.9852,1.077,1.0077613,0.9842,27804449.979443405
371,0.4903754101277534,0.9711,1.3050255592500002,1.0152,1.1295,0.8508,1.0148,0.9352,0.9520000000000001,0.9023087999999999,0.9717,25011367.966085233
372,1.691541300123174,1.1711,0.81139759425,0.9152,0.9795,1.0508,0.8148,1.1352,1.052,0.9449687999999998,1.0217,39872512.13828339
373,0.5132687389175774,1.0711,1.00421163675,0.9652,1.0545,0.9508,0.9148,0.8352,1.002,0.9748288,1.0467,21778675.172384977
374,0.8559834827176303,0.8711,0.53878085175,1.0652,0.9045,1.1508,1.1148,1.0352,0.902,1.0174888,0.9967,24721153.093438532
375,0.5594909546891582,1.0461,1.212246382032,1.0027,0.9982,0.9758,0.8898,0.9102,0.9645,0.9201563600000001,1.0154,24102858.431827005
376,1.6979419784481111,0.8461,0.7315889810320001,0.9027,1.1482,1.1758,1.0898,1.1102,1.0645,0.9628113599999999,0.9654,39808159.934258595
377,0.7081595126014627,0.9461,0.968502523032,0.9527,0.9232,0.8758,1.1898,0.8102,1.0145,0.8950788599999999,0.9904,21569610.5791956
378,0.7709400726586393,1.1461,0.492763314032,1.0527,1.0732,1.0758,0.9898,1.0102,0.9145,0.9427338600000001,1.0404,26644558.09233907
379,0.4758227516895487,1.1961,0.983044959407,0.9777,0.8857,1.1258,0.9398,1.0602,1.0395,0.95641511,1.0029,24450045.594220374
380,1.02700625267888,0.9961,0.6123565694070001,1.0777,1.0357,0.9258,1.1398,0.8602,0.9395,0.99907011,0.9529,24352614.605296884
381,0.8225073070746033,0.8961,1.400302046907,1.0277,0.9607,1.0258,1.0398,1.1602,0.9895,0.93133761,0.9779,29215454.22360183
382,0.874993866493839,1.0961,0.809076576907,0.9277,1.1107,0.8258,0.8398,0.9602,1.0895,0.9789926099999999,1.0279,28552565.809360944
383,0.4868896626974068,0.8508,0.9612257041800001,0.9645,1.1283,1.0805,1.0070000000000001,1.1555,0.9574,0.99350069,1.0213,26998780.116304595
384,1.1500294984512114,1.0508,0.48237535918,1.0645,0.9783,0.8805,0.807,0.9555,1.0574,0.9514656899999999,0.9713,26321648.354995336
385,0.8223997057757332,1.1508,1.20283657668,1.0145,1.0533,1.1805,0.907,1.0555,1.0074,0.9737331899999999,0.9963,30126598.124743592
386,0.9909002824424865,0.9508,0.71938733168,0.9145,0.9033,0.9805,1.107,0.8555,0.9074,0.9266981900000001,1.0463,26899096.06884718
387,0.5219064434516338,0.9008,1.3221621316799996,1.0395,1.0158,0.8305,1.157,0.8055,1.0324,0.9573769400000001,1.0088,19956217.42634696
388,1.47086396985026,1.1008,0.75829440168,0.9395,0.8658,1.0305,0.9570000000000001,1.0055,0.9324,0.91534194,0.9588,35439930.35330362
389,0.6102414090015443,1.0008,1.02758264168,0.9895,1.0908,0.9305,0.857,0.9055,0.9824,0.93760944,0.9838,24660456.632402297
390,0.6635093761790132,0.8008,0.63315453168,1.0895,0.9408,1.1305,1.057,1.1055,1.0824,0.8905744400000001,1.0338,22590964.55640196
391,0.582576137187129,1.0758,1.4342026399999999,1.0270000000000001,0.8846,0.9055,0.932,0.8305,1.0449,0.9526169600000001,0.9525,21702409.889016517
392,1.7282095116503327,0.8758,0.8445353399999999,0.927,1.0346,1.1055,1.1320000000000001,1.0305,0.9449,0.90933696,1.0025,39942549.11917263
393,0.810997170638718,0.9758,1.0709603775,0.977,0.9596,0.8055,1.032,0.9305,0.9949,1.0254869599999998,1.0275,26285753.19189884
394,1.0826761755727854,1.1758,0.6879451775,1.077,1.1096,1.0055,0.8320000000000001,1.1305,1.0949,0.9822069600000001,0.9775,30373074.89226034
395,0.5154324440293234,1.1258,1.034163080625,0.9520000000000001,0.9971,1.1555,0.882,1.1805,0.9699,0.9427344599999999,0.965,27629324.933030963
396,1.0641697923047695,0.9258,0.5493156556250001,1.052,1.1471,0.9555,1.082,0.9805,1.0699,0.8969544599999999,1.015,27380940.756393988
397,0.945518000473355,0.8258,1.2151254431250003,1.002,0.9221,1.0555,1.182,1.0805,1.0199,1.01560446,1.04,28498881.717823215
398,0.8526951224507752,1.0258,0.751621618125,0.902,1.0721,0.8555,0.982,0.8805,0.9199,0.96982446,0.99,27595076.00760297
399,0.6540939571554749,0.9633,0.509104436064,0.9332,0.9314,0.843,1.1445,1.168,1.0012,1.03842063,0.9869,25538593.538011782
400,1.0146492671020142,1.1633,0.9835594100639998,1.0332,1.0814,1.043,0.9445,0.968,0.9012,0.89330563,1.0369,30735978.711361647
401,0.6885730682886443,1.0633,0.747178298064,1.0832,0.8564,0.943,0.8445,1.068,0.9512,1.01615813,1.0119,24252158.962632608
402,0.7748585852986963,0.8633,1.224637344064,0.9832,1.0064,1.143,1.0445,0.868,1.0512,0.8710431299999999,0.9619,24126116.93191498
403,0.4460517641086149,0.8133,0.844384891064,1.0582,0.8939,1.093,1.0945,0.818,0.9762,1.02760188,0.9994,17010670.126456697
404,1.748138124508872,1.0133,1.4486146640639999,0.9582,1.0439,0.893,0.8945,1.018,1.0762,0.88248688,1.0494,39420035.18789942
405,1.0819267261165075,1.1133,0.6441092675639999,0.9082,0.9689,1.193,0.9945,0.9179999999999999,1.0262,1.00408938,1.0244,29269840.3465211
406,1.2549877450092022,0.9133,1.0216795145639999,1.0082,1.1189,0.993,1.1945,1.1179999999999999,0.9262,0.85897438,0.9744,34736108.38532177
407,0.33929401953681587,1.1883,0.8682628152669999,1.0707,1.0627,1.168,0.8195,0.843,0.9887,1.0089678000000002,1.0432,19585285.014559273
408,1.1910776571371828,0.9883,1.4582884832669998,0.9707,0.9127,0.968,1.0195,1.043,1.0887,0.8650978,0.9932,32017853.793685604
409,0.8932359157034142,0.8883,0.713590878267,0.9207,1.1377,1.068,1.1195,0.943,1.0387,1.0846528,0.9682,27954298.95708131
410,1.061095207009472,1.0883,1.090141020267,1.0207,0.9877,0.868,0.9195,1.143,0.9387,0.9357828,1.0182,32342697.302914865
411,0.7177817134227426,1.0383,0.561527407392,0.9457,1.1002,0.9179999999999999,0.9695,1.193,1.0137,0.9720628,1.0307,28926840.339818172
412,1.4173731211718894,0.8383,1.0297219423919999,1.0457,0.9502,1.1179999999999999,1.1695,0.993,0.9137,0.8306928,0.9807,31961826.149815414
413,0.5330129273981477,0.9383,0.8363588713920002,1.0957,1.0252,0.818,1.0695,1.093,0.9637,1.0464978,0.9557,24371395.204048533
414,0.5784059737950662,1.1383,1.3346713963919996,0.9957,0.8752,1.018,0.8695,0.893,1.0637,0.9001278,1.0057,23211436.827082604
415,0.7018147087002756,0.807,0.770056635816,1.0363,1.0299,0.9242,0.9883,1.1992,0.9293,0.9315528000000001,0.951,26772919.666795053
416,1.2957693445952376,1.0070000000000001,1.2483569718160001,0.9363,0.8799,1.1242,1.1883,0.9992,1.0293,1.0804228,1.001,32988346.816001866
417,0.6253080453217181,1.107,0.5008866428159999,0.9863,1.1049,0.8242,1.0883,1.0992,1.0793,0.8608678,1.026,26399322.71708566
418,1.154288097209717,0.907,0.9602281268160001,1.0863,0.9549,1.0242,0.8883,0.8992,0.9793,1.0047378,0.976,26091024.464983966
419,0.4929150559887951,0.9570000000000001,0.6157702013159999,0.9613,1.1424,1.1742,0.8383,0.8492,1.0543,0.8958978000000001,0.9635,20498926.4307574
420,1.2020477342648797,1.157,1.187958164316,1.0613,0.9924,0.9742,1.0383,1.0492,0.9543,1.0422678,1.0135,32443593.258757465
421,0.8235549045588717,1.057,0.9362614338159999,1.0113,1.0674,1.0742,1.1383,0.9492,0.9043,0.8264628,1.0385,27717958.79930932
422,0.8199558960348157,0.857,1.303210290816,0.9113,0.9174,0.8742,0.9383,1.1492,1.0043,0.9678328000000002,0.9885,29889160.303821404
423,0.5905017375219379,1.032,0.647778781643,0.9738,0.9736,1.0992,1.0633,0.8242,1.0668,0.8782573499999999,1.0197,19709932.59931607
424,0.9398075698890609,0.8320000000000001,1.2067346396429999,1.0738,1.1236,0.8992,0.8633,1.0242,0.9668,1.02337235,0.9697,29376592.30656135
425,1.4505243921184903,0.932,1.0120578261429998,1.0238,0.8986,1.1992,0.9633,0.9242,0.9168,0.8997398500000001,0.9947,31816323.712014567
426,1.3063780153999165,1.1320000000000001,1.378254328143,0.9238,1.0486,0.9992,1.1633,1.1242,1.0168,1.04485485,1.0447,37909724.42951735
427,0.6773839837158369,1.182,0.819711578268,1.0488,0.8611,0.8492,1.1133,1.1742,0.9418,0.8665786,1.0072,25915479.845629502
428,1.6412698412125852,0.982,1.293390678268,0.9488,1.0111,1.0492,0.9133,0.9742,1.0418,1.0116936,0.9572,37438460.9816546
429,0.4188326344609528,0.882,0.5791696807679999,0.9988,0.9361,0.9492,0.8133,1.0742,1.0918,0.8893111,0.9822,21532568.24166102
430,0.8749107554509513,1.082,1.057445690768,1.0988,1.0861,1.1492,1.0133,0.8742,0.9918,1.0344261,1.0322,24837091.006213766
431,0.41255674823321153,0.9195,1.1644635006400001,1.0676,0.9079999999999999,1.1617,0.8508,1.1867,1.0855,0.95922147,1.0416,23479024.089935128
432,1.0024217062858718,1.1195,0.70733679864,0.9676,1.058,0.9617,1.0508,0.9867,0.9855,1.00344647,0.9916,30013739.629948188
433,0.7468195328235381,1.0195,0.9871879046400002,0.9176,0.983,1.0617,1.1508,1.0867,0.9355,0.8869739699999999,0.9666,29446934.732473303
434,1.4161262368113245,0.8195,0.5006532066399999,1.0176,1.133,0.8617,0.9508,0.8867,1.0355,0.9311989700000001,1.0166,28665235.42657379
435,0.8461458893356015,0.8695,1.13676577014,0.9426,0.9455,0.9117,0.9008,0.8367,0.9105,0.94660272,1.0291,25493908.80507252
436,1.4383084325848987,1.0695,0.5768291831399999,1.0426,1.0955,1.1117,1.1008,1.0367,1.0105,0.9933277199999999,0.9791,32809658.53962063
437,0.898495683525759,1.1695,1.24894829664,1.0926,0.8705,0.8117,1.0008,0.9367,1.0605,0.87435522,0.9541,25375448.735327948
438,0.8669871713820366,0.9695,0.8873259836399999,0.9926,1.0205,1.0117,0.8008,1.1367,0.9605,0.9210802199999999,1.0041,29815514.240942683
439,0.5403052859253298,1.1445,1.243482663969,0.9301,1.0768,0.8367,1.1758,0.8117,0.9229999999999999,0.9400119600000001,0.9854,23287083.80986381
440,1.2012006625375942,0.9445,0.6576680569689999,1.0301,0.9268,1.0367,0.9758,1.0117,1.023,0.9879819599999999,1.0354,28368138.126887318
441,0.5481021510709322,0.8445,1.287829255969,1.0801,1.0018,0.9367,0.8758,0.9117,1.073,0.96524696,1.0104,22174460.17025486
442,0.833822766827938,1.0445,0.937588422969,0.9801,0.8518,1.1367,1.0758,1.1117,0.973,1.00821696,0.9604,27743999.487940166
443,0.6153893295491445,1.0945,1.235910883844,1.0551,1.0393,1.0867,1.0258,1.1617,1.0979999999999999,0.90357696,0.9979,27579200.235196542
444,1.2453555030561358,0.8945,0.774721073844,0.9551,0.8893,0.8867,0.8258,0.9617,0.998,0.9515469600000002,1.0479,30038469.879404288
445,0.7153660250300803,0.9945,1.008231701344,0.9051,1.1143,1.1867,0.9258,1.0617,0.948,0.92881196,1.0229,30490180.595316164
446,0.9118586185910226,1.1945,0.540572821344,1.0051,0.9643,0.9867,1.1258,0.8617,1.048,0.97178196,0.9729,23746732.445409935
447,0.4417068616042786,1.0102,0.63748385136,1.0848,1.0041,0.8836,0.9164,0.9523,0.9152,0.8846031999999999,0.9768,21112061.63259533
448,1.3158307427282439,0.8102,1.1186755113599998,0.9848,0.8541,1.0836,1.1164,1.1523,1.0152,0.9292931999999999,1.0268,31999038.278961185
449,0.6940444607540766,0.9102,0.8345336713599999,0.9348,1.0791,0.9836,1.0164,0.8523,1.0652,0.9568482,1.0018,22987437.64961784
450,0.9280184100678337,1.1102,1.28690747136,1.0348,0.9291,1.1836,0.8164,1.0523,0.9652,1.0015382,0.9518,29767252.355084505
451,0.5440023231126514,1.1602,0.7971770851099999,0.9098,1.1166,1.0336,0.8664,1.0023,1.0902,0.9204131999999999,0.9893,26467979.501889694
452,1.1688698937492057,0.9602,1.1746282401099999,1.0098,0.9666,0.8336,1.0664,0.8023,0.9902,0.9651032,1.0393,26505727.939868372
453,0.904617646151207,0.8602,0.49283704761,1.0598,1.0416,1.1336,1.1664,1.1023,0.9402,0.9939082,1.0143,27011755.94337615
454,0.8931726819566524,1.0602,1.0502901026099998,0.9598,0.8916,0.9336,0.9664,0.9023,1.0402,1.0385981999999998,0.9643,26070761.08308855
455,0.568084259261302,0.8352,0.8289260280000001,0.9223,0.9854,1.1086,1.0414,1.0273,1.0777,0.9264983,1.0455,24145748.301949263
456,0.9833030799259138,1.0352,1.1844925155,1.0223,1.1354,0.9086,0.8414,0.8273,0.9777,0.9699333,0.9955,26734901.381140947
457,0.9909471229936044,1.1352,0.55675620925,1.0723,0.9104,1.0086,0.9414,1.1273,0.9277,0.9010308,0.9705,28071277.868759133
458,0.9217241856955269,0.9352,1.12680647175,0.9723,1.0604,0.8086,1.1414,0.9273,1.0277,0.9494657999999999,1.0205,27834315.90579879
459,0.6118164202225511,0.9852,0.6884201154999999,1.0973,0.8729,0.9586,1.1914,0.9773,0.9027,0.93829455,1.033,21672825.98206955
460,2.156877963599393,1.1852,1.163645028,0.9973,1.0229,1.1586,0.9914,1.1773,1.0027,0.9792295499999999,0.983,44648149.140248485
461,0.6757424921762569,1.0852,0.92636600925,0.9473,0.9479,0.8586,0.8914,0.8773,1.0527,0.91407705,0.958,23554047.978674363
462,0.8361387457826442,0.8852,1.39274034675,1.0473,1.0979,1.0586,1.0914,1.0773,0.9527,0.9600120500000001,1.008,29971010.121061128
463,0.3566993540860153,1.1227,1.054129065248,1.016,0.9009999999999999,1.0461,0.8289,0.9648,1.0715,0.8414390399999999,1.0174,21539802.577315543
464,1.2341211065905857,0.9227,0.5874672552480001,0.9159999999999999,1.051,0.8461,1.0289,1.1648,0.9715,0.9840590399999999,0.9674,34788352.0820035
465,1.0255056501716426,0.8227,1.349147299248,0.966,0.976,1.1461,1.1289,0.8648,0.9215,0.9114990399999999,0.9924,28399950.584831484
466,1.2361253855241268,1.0227,0.8650948492480001,1.0659999999999998,1.126,0.9461,0.9289,1.0648,1.0215,1.05911904,1.0424,31871305.64572192
467,0.8973109763692066,1.0727,1.140083423248,0.991,0.9385,0.8961,0.9789,1.0148,0.9465,0.85261154,1.0049,29269985.785726037
468,1.6121496617491506,0.8727,0.7617806162480001,1.091,1.0885,1.0961,1.1789,0.8148,1.0465,0.9952315400000001,0.9549,26726240.327229477
469,0.6018611294419406,0.9727,1.011308903748,1.041,0.8635,0.9961,1.0789,1.1148,1.0965,0.9226715400000001,0.9799,23939249.193837833
470,0.6476937780402279,1.1727,0.460787450748,0.941,1.0135,1.1961,0.8789,0.9148,0.9965,1.0702915400000002,1.0299,23996772.403013982
471,0.6466340887856198,0.9477,1.2438822679079997,0.9785,1.1072,0.9711,1.1039,1.0398,0.934,0.86984445,0.9611,28586527.508817676
472,1.2909381233726847,1.1477,0.855365472408,1.0785,0.9572,1.1711,0.9039,0.8398,1.034,1.0137094500000001,1.0111,26221795.89740597
473,0.7338414763602898,1.0477,1.0613930576580002,1.0285,1.0322,0.8711,0.8039,1.1398,1.084,0.84687695,1.0361,28238544.790402986
474,1.071195476310712,0.8477,0.5109571431580001,0.9285,0.8822,1.0711,1.0039,0.9398,0.9840000000000001,0.99074195,0.9861,27131693.530501004
475,0.35789205227075327,0.8977,1.126774192908,1.0035,1.0697,1.1211,1.0539,0.9898,1.0590000000000002,0.9048732,0.9736,22942745.7128455
476,1.2117879823677633,1.0977,0.6538030954080001,0.9035,0.9197,0.9211,0.8539,1.1898,0.9590000000000001,1.0512382,1.0236,34818654.74678168
477,0.8187117888529728,1.1977,1.360438061658,0.9535,1.1447,1.0211,0.9539,0.8898,0.909,0.8819057000000001,1.0486,30150982.799667202
478,0.736472220753841,0.9977,0.891369949158,1.0535,0.9947,0.8211,1.1539,1.0898,1.0090000000000001,1.0282707000000002,0.9986,26254214.71611346
479,0.30912884544811703,1.0539,1.351694816208,0.9129,1.14,1.1148,1.0852,0.9961,0.9996,0.9950144400000001,1.0439,25446728.18237733
480,0.7985846438432559,0.8539,0.868346228208,1.0129,0.99,0.9148,0.8852,1.1961,1.0996,0.8514594400000001,0.9939,27073632.60208461
481,0.8385563594673984,0.9539,1.106817694208,1.0629,1.065,1.0148,0.9852,0.8961,1.0496,1.0170469400000002,0.9689,24895416.144508757
482,1.0584310850891272,1.1539,0.6279192622080001,0.9629,0.915,0.8148,1.1852,1.0961,0.9496,0.87349194,1.0189,30666503.23212997
483,0.8124807524921831,1.1039,0.8913948524580001,1.0879,1.0275,0.9648,1.1352,1.0461,1.0246,1.03246569,1.0314,26759549.67783543
484,1.4204013323559492,0.9039,0.5070500214579999,0.9879,0.8775,1.1648,0.9352,0.8461,0.9246,0.8864106900000001,0.9814,28745060.058407314
485,0.6008852695599041,0.8039,1.2943132509580002,0.9379,1.1025,0.8648,0.8352,1.1461,0.9746,1.05449819,0.9564,29378302.723714653
486,0.892391256266716,1.0039,0.7107078119579999,1.0379,0.9525,1.0648,1.0352,0.9461,1.0746,0.9084431900000001,1.0064,24371520.986472357
487,0.7366408598266061,0.8789,0.982453628013,1.0754,0.8588,0.8898,0.9602,1.0211,1.0121,1.0513728199999999,0.9752,23652580.660141177
488,1.4994057788884971,1.0789,0.5883194490129999,0.9754,1.0088,1.0898,1.1602,0.8211,0.9121,0.90407282,1.0252,31395546.20505404
489,0.5129556600022626,1.1789,1.3410754655130002,0.9254,0.9338,0.9898,1.0602,1.1211,0.9621,0.9764728200000001,1.0002,28060001.179999135
490,1.1480718793733309,0.9789,0.7580761745129999,1.0254,1.0838,1.1898,0.8602,0.9211,1.0621,0.83417282,0.9502,27849353.36139861
491,0.6233760195324716,0.9289,1.4305768148880003,0.9004,0.9713,1.0398,0.8102,0.9711,0.9871,1.06270032,0.9877,27293957.31492209
492,1.2424546197703237,1.1289,0.939631251888,1.0004,1.1213,0.8398,1.0102,1.1711,1.0871,0.91540032,1.0377,34425161.71602948
493,1.0356092243084116,1.0289,1.1243761538880002,1.0504,0.8963,1.1398,1.1102,0.8711,1.0371,0.98780032,1.0127,25230928.460455704
494,0.8569045463072793,0.8289,0.6623444968879999,0.9504,1.0463,0.9398,0.9102,1.0711,0.9371,0.8455003200000001,0.9627,28823040.83144898
495,0.7511667564455492,1.1664,0.8791797996,0.9816,0.9619,0.9523,1.1727,0.9836,1.0434,0.9604807500000001,0.9596,26101278.253675293
496,1.1647682453103894,0.9664,1.3557982116,1.0816,1.1119,1.1523,0.9727,1.1836,0.9434,0.91141575,1.0096,33929790.97883712
497,0.7938810136351192,0.8664,0.6453634176,1.0316,0.8869,0.8523,0.8727,0.8836,0.9934,0.98126325,1.0346,21733202.15072418
498,0.7817587114532268,1.0664,1.1178125056,0.9316,1.0369,1.0523,1.0727,1.0836,1.0934,0.93719825,0.9846,29513360.99696657
499,0.44851202376645544,1.0164,0.56796145835,1.0066,0.9244,1.1023,1.0227,1.0336,0.9684,0.9711845,0.9721,22080993.132193822
500,1.2626871936275668,0.8164,0.97401852135,0.9066,1.0744,0.9023,0.8227,0.8336,1.0684,0.9246194999999999,1.0221,29281078.35743587
501,0.6222652646624437,0.9164,0.70531705285,0.9566,0.9994,1.0023,0.9227,1.1336,1.0184,0.9907170000000001,1.0471,26167748.759072997
502,1.1663123862456322,1.1164,1.26805823985,1.0566,1.1494,0.8023,1.1227,0.9336,0.9184,0.949152,0.9971,31845381.791625597
503,0.5073444938282327,0.9914,0.609192394116,1.0191,1.0557,1.0273,0.8977,1.0086,0.9559,0.9762494399999999,1.0158,23691505.296679236
504,1.0963658532339922,1.1914,0.992973804116,0.9191,0.9057,0.8273,1.0977,0.8086,1.0559,0.9309394400000001,0.9658,27157508.0114522
505,0.7679495624109368,1.0914,0.770250095616,0.9691,1.1307,1.1273,1.1977,1.1086,1.0059,0.90478444,0.9908,29658974.5406361
506,1.3154678317319002,0.8914,1.345772945616,1.0691,0.9807,0.9273,0.9977,0.9086,0.9059,0.85947444,1.0408,30407203.465224385
507,0.511796176589502,0.8414,0.9274958069909999,0.9941,1.0932,0.8773,0.9477,0.9586,1.0309,1.0129194400000001,1.0033,23427663.353201214
508,1.0996726672616908,1.0414,1.397088848991,1.0941,0.9432,1.0773,1.1477,1.1586,0.9309,0.9676094399999999,0.9533,31337454.43094773
509,0.5327421464679174,1.1414,0.7322282639909999,1.0441,1.0182,0.9773,1.0477,0.8586,0.9809,0.94020444,0.9783,20959176.580340337
510,0.6403882912366538,0.9414,1.221675731991,0.9441,0.8682,1.1773,0.8477,1.0586,1.0809,0.89489444,1.0283,25623402.863938987
511,0.7441660160014247,0.9832,1.111336909155,0.9756,0.9048,0.9434,0.9035,1.1301,0.9893,0.93377158,1.0298,27762978.871515274
512,1.0254933148078622,1.1832,0.552852093155,1.0756,1.0548,1.1434,1.1035,0.9301,1.0893,1.08269658,0.9798,25693398.29177376
513,0.5008354077712187,1.0832,1.2264454661550002,1.0256,0.9798,0.8434,1.0035,1.0301,1.0393,0.86305908,0.9548,25192864.914090794
514,0.7167711445698858,0.8832,0.861124432155,0.9256,1.1298,1.0434,0.8035,0.8301,0.9393,1.00698408,1.0048,24097689.28368343
515,0.4184958672273228,0.8332,1.3709968587800003,1.0006,0.9423,1.1934,0.8535,0.8801,1.0143,0.8981028299999999,1.0423,20898847.29179864
516,1.4270007201069799,1.0332,0.9139594627800001,0.9006,1.0923,0.9934,1.0535,1.0801,0.9143,1.04452783,0.9923,40175578.39681576
517,0.7416412906007461,1.1332,1.2052559332800001,0.9506,0.8673,1.0934,1.1535,0.9801,0.9643,0.82864033,0.9673,27151294.685311217
518,1.0770839866844848,0.9332,0.71656622928,1.0506,1.0173,0.8934,0.9535,1.1801,1.0643,0.97006533,1.0173,29103341.2685203
519,0.3654124290277026,1.1582,1.330798346988,1.0131,1.111,1.0684,1.0285,0.8551,1.0018,0.85738284,0.9985,22123004.887968063
520,1.0148111878821333,0.9582,0.867480545988,0.9131,0.961,0.8684,0.8285,1.0551,0.9018,1.00131284,1.0485,32416056.849209372
521,0.8140201269513295,0.8582,1.101202850488,0.9631,1.036,1.1684,0.9285,0.9551,0.9518,0.8793378399999999,1.0235,27727607.66441367
522,1.144154032297852,1.0582,0.6327947414879999,1.0631,0.8859999999999999,0.9684,1.1285,1.1551,1.0518,1.02326784,0.9735,28024898.872315798
523,0.8008508194484659,1.0082,1.0885016774880003,0.9881,1.0735,0.8184,1.1785,1.1051,0.9768,0.8454678400000001,0.986,29854903.68175229
524,1.2546557757972299,0.8082,0.516288447488,1.0881,0.9235,1.0184,0.9785,0.9051,1.0768,0.98939784,1.036,23881870.449278887
525,0.6970480175304352,0.9082,1.1558606174880002,1.0381,1.1485,0.9184,0.8785,1.0051,1.0268,0.86867284,1.011,27308586.662257094
526,0.9062656861935195,1.1082,0.7894876874879998,0.9381,0.9985,1.1184,1.0785,0.8051,0.9268,1.01260284,0.961,25370882.74115708
527,0.5412336876362007,0.8957,0.5309014293000001,0.9193,1.0079,1.1809,0.841,1.1426,1.0455,0.97382322,0.9642,24935846.370194755
528,0.981908701595099,1.0957,1.0923485643000002,1.0193,0.8579,0.9809,1.041,0.9426,0.9455,1.0171082200000001,1.0142,27627557.236160435
529,0.9135631244736765,1.1957,0.8411672318000001,1.0693,1.0829,1.0809,1.141,1.0426,0.9955,0.90123572,1.0392,28951174.90439884
530,1.3507826268294585,0.9957,1.2154421968000002,0.9693,0.9329,0.8809,0.941,0.8426,1.0955,0.9445207200000001,0.9892,29100302.472703885
531,0.6828059967689973,0.9457,0.9199670168,1.0943,1.1204,0.9309,0.991,0.8926,0.9705,0.96143947,0.9517,23213455.88478416
532,1.5321296775367064,1.1457,1.3966978068,0.9943,0.9704,1.1309,1.1909999999999998,1.0926,1.0705,1.00722447,1.0017,36573222.052881636
533,0.6435989130088036,1.0457,0.6439841268,0.9443,1.0454,0.8309,1.091,0.9926,1.0205,0.88885197,1.0267,25490177.340875488
534,0.8145188523974299,0.8457,1.1016079368,1.0443,0.8954,1.0309,0.8909999999999999,1.1926,0.9205,0.9346369699999999,0.9767,27607445.574814796
535,0.6249296942754196,1.0707,0.8491011540299999,1.0818,0.9892,0.8059,1.1159999999999999,0.8676,0.958,0.9300029000000001,1.0079,21430636.25146627
536,1.5427481956319875,0.8707,1.31992203653,0.9818,1.1392,1.0059,0.9159999999999999,1.0676,1.058,0.9782829000000001,0.9579,37587806.211929485
537,0.656661415210405,0.9707,0.6085736302799999,0.9318,0.9142,0.9059,0.816,0.9676,1.008,0.9553929000000001,0.9829,23934564.572697844
538,1.1088963442894095,1.1707,1.08552065778,1.0318,1.0642,1.1059,1.016,1.1676,0.9079999999999999,0.9986728999999999,1.0329,34332202.172986485
539,0.49666588686522817,1.1207,0.4559653702799999,0.9068,0.8767,1.0559,1.0659999999999998,1.1176,1.033,0.8937104,1.0204,23499728.8184972
540,0.9028448030062399,0.9207,0.9920680127800001,1.0068,1.0267,0.8559,0.866,0.9176,0.9329999999999999,0.9419903999999999,0.9704,27178389.40346737
541,0.6806642294206501,0.8207,0.7875100665299999,1.0568,0.9517,1.1559,0.966,1.0176,0.983,0.9191004,0.9954,23609428.289812546
542,0.7534293623944051,1.0207,1.17324533403,0.9568,1.1017,0.9559,1.166,0.8176,1.083,0.9623803999999999,1.0454,23673551.92640179
543,0.3159938814903633,0.927,0.756663117522,1.0225,0.9563,1.0621,1.0973,1.1238,0.9236,0.99546408,0.997,22108204.673196327
544,0.9984259917266914,1.127,1.3496434045219998,0.9225,1.1063,0.8621,0.8973,0.9238,1.0236,0.95374408,1.047,31859872.225292373
545,0.6851825823485627,1.0270000000000001,0.552908621022,0.9725,0.8813,1.1621,0.9973,1.0238,1.0736,0.97585408,1.022,23749402.704839896
546,1.1187437606393473,0.8270000000000001,0.9373693640220001,1.0725,1.0313,0.9621,1.1973,0.8238,0.9736,0.92913408,0.972,24030720.59114883
547,0.7927087989062441,0.877,0.658535602272,0.9975,0.9188,0.8121,1.1473,0.8738,1.0986,0.95932658,0.9845,21350739.704299193
548,1.7107590082287898,1.077,1.129800526272,1.0975,1.0688,1.0121,0.9473,1.0738,0.9986,0.91760658,1.0345,35848495.62780658
549,0.7152542537060453,1.177,0.8952058142720001,1.0475,0.9938,0.9121,0.8473,0.9738,0.9486,0.93971658,1.0095,26117802.287263323
550,0.5818212820576236,0.977,1.3717386702719998,0.9475,1.1438,1.1121,1.0473,1.1738,1.0486,0.8929965799999999,0.9595,29929263.59432464
551,0.53432045344096,1.102,0.59151105945,0.985,1.0501,0.9371,0.9723,0.8988,1.0861,0.93194829,1.0282,21704229.667247035
